invoice_id,customer_id,subscription_id,invoice_date,due_date,amount,tax,total_amount,invoice_status,is_void
INV000001,CUST0001,SUB00001,2024-09-01,2024-10-01,274.85,13.74,288.59,Open,False
INV000002,CUST0001,SUB00001,2024-10-01,2024-10-31,274.85,13.74,288.59,Overdue,False
INV000003,CUST0001,SUB00001,2024-11-01,2024-12-01,274.85,13.74,288.59,Open,False
INV000004,CUST0001,SUB00001,2024-12-01,2024-12-31,274.85,13.74,288.59,Paid,False
INV000005,CUST0002,SUB00002,2024-07-01,2024-07-31,-221.88,-11.09,-232.97,Paid,False
INV000006,CUST0002,SUB00002,2024-08-01,2024-08-31,221.88,11.09,232.97,Paid,False
INV000007,CUST0002,SUB00002,2024-09-01,2024-10-01,221.88,11.09,232.97,Paid,False
INV000008,CUST0002,SUB00002,2024-10-01,2024-10-31,221.88,11.09,232.97,Overdue,False
INV000009,CUST0002,SUB00002,2024-11-01,2024-12-01,221.88,11.09,232.97,Paid,False
INV000010,CUST0002,SUB00002,2024-12-01,2024-12-31,221.88,11.09,232.97,Unknown,False
INV000011,CUST0003,SUB00003,2024-09-01,2024-10-01,-271.49,-13.57,-285.06,Paid,False
INV000012,CUST0003,SUB00003,2024-10-01,2024-10-31,-271.49,-13.57,-285.06,Void,True
INV000013,CUST0003,SUB00003,2024-11-01,2024-12-01,-271.49,-13.57,-285.06,Paid,False
INV000014,CUST0003,SUB00003,2024-12-01,2024-12-31,-271.49,-13.57,-285.06,Open,False
INV000015,CUST0004,SUB00004,2025-11-16,2025-12-16,743.65,37.18,780.83,Paid,False
INV000016,CUST0005,SUB00005,2026-01-01,2026-01-31,620.84,31.04,651.88,Paid,False
INV000017,CUST0005,SUB00005,2026-02-01,2026-03-03,620.84,31.04,651.88,Paid,False
INV000018,CUST0005,SUB00005,2026-03-01,2026-03-31,620.84,31.04,651.88,Paid,False
INV000019,CUST0005,SUB00005,2026-04-01,2026-05-01,620.84,31.04,651.88,Overdue,False
INV000020,CUST0005,SUB00005,2026-05-01,2026-05-31,620.84,31.04,651.88,Paid,False
INV000021,CUST0005,SUB00005,2026-06-01,2026-07-01,620.84,31.04,651.88,Overdue,False
INV000022,CUST0005,SUB00005,2026-07-01,2026-07-31,620.84,31.04,651.88,Open,False
INV000023,CUST0005,SUB00005,2026-08-01,2026-08-31,620.84,31.04,651.88,Open,False
INV000024,CUST0005,SUB00005,2026-09-01,2026-10-01,620.84,31.04,651.88,Paid,False
INV000025,CUST0005,SUB00005,2026-10-01,2026-10-31,620.84,31.04,651.88,Overdue,False
INV000026,CUST0005,SUB00005,2026-11-01,2026-12-01,620.84,31.04,651.88,Unknown,False
INV000027,CUST0005,SUB00005,2026-12-01,2026-12-31,620.84,31.04,651.88,Paid,False
INV000028,CUST0005,SUB00005,2027-01-01,2027-01-31,620.84,31.04,651.88,Paid,False
INV000029,CUST0005,SUB00005,2027-02-01,2027-03-03,620.84,31.04,651.88,Overdue,False
INV000030,CUST0005,SUB00005,2027-03-01,2027-03-31,620.84,31.04,651.88,Open,False
INV000031,CUST0006,SUB00006,2025-06-28,2025-07-28,4396.87,219.84,4616.71,Unknown,False
INV000032,CUST0007,SUB00007,2025-12-14,2026-01-13,501.0,25.05,526.05,Paid,False
INV000033,CUST0008,SUB00008,2024-12-01,2024-12-31,3447.63,172.38,3620.01,Open,False
INV000034,CUST0008,SUB00008,2025-01-01,2025-01-31,3447.63,172.38,3620.01,Open,False
INV000035,CUST0008,SUB00008,2025-02-01,2025-03-03,3447.63,172.38,3620.01,Paid,False
INV000036,CUST0008,SUB00008,2025-03-01,2025-03-31,3447.63,172.38,3620.01,Paid,False
INV000037,CUST0008,SUB00008,2025-04-01,2025-05-01,3447.63,172.38,3620.01,Open,False
INV000038,CUST0008,SUB00008,2025-05-01,2025-05-31,3447.63,172.38,3620.01,Paid,False
INV000039,CUST0008,SUB00008,2025-06-01,2025-07-01,3447.63,172.38,3620.01,Paid,False
INV000040,CUST0008,SUB00008,2025-07-01,2025-07-31,-3447.63,-172.38,-3620.01,Paid,False
INV000041,CUST0008,SUB00008,2025-08-01,2025-08-31,3447.63,172.38,3620.01,Paid,False
INV000042,CUST0008,SUB00008,2025-09-01,2025-10-01,3447.63,172.38,3620.01,Overdue,False
INV000043,CUST0008,SUB00008,2025-10-01,2025-10-31,3447.63,172.38,3620.01,Open,False
INV000044,CUST0008,SUB00008,2025-11-01,2025-12-01,-3447.63,-172.38,-3620.01,Open,False
INV000045,CUST0008,SUB00008,2025-12-01,2025-12-31,3447.63,172.38,3620.01,Void,True
INV000046,CUST0008,SUB00008,2026-01-01,2026-01-31,3447.63,172.38,3620.01,Paid,False
INV000047,CUST0008,SUB00008,2026-02-01,2026-03-03,3447.63,172.38,3620.01,Paid,False
INV000048,CUST0008,SUB00008,2026-03-01,2026-03-31,3447.63,172.38,3620.01,Void,True
INV000049,CUST0009,SUB00009,2026-03-07,2026-04-06,-1286.49,-64.32,-1350.81,Unknown,False
INV000050,CUST0010,SUB00010,2024-11-01,2024-12-01,609.53,30.48,640.01,Void,True
INV000051,CUST0010,SUB00010,2024-12-01,2024-12-31,609.53,30.48,640.01,Overdue,False
INV000052,CUST0011,SUB00011,2026-03-02,2026-04-01,774.19,38.71,812.9,Paid,False
INV000053,CUST0012,SUB00012,2026-03-08,2026-04-07,709.7,35.49,745.19,Void,True
INV000054,CUST0013,SUB00013,2024-11-01,2024-12-01,495.94,24.8,520.74,Unknown,False
INV000055,CUST0013,SUB00013,2024-12-01,2024-12-31,495.94,24.8,520.74,Open,False
INV000056,CUST0014,SUB00014,2026-04-03,2026-05-03,221.74,11.09,232.83,Paid,False
INV000057,CUST0015,SUB00015,2025-06-26,2025-07-26,1086.32,54.32,1140.64,Paid,False
INV000058,CUST0016,SUB00016,2025-05-07,2025-06-06,858.63,42.93,901.56,Paid,False
INV000059,CUST0017,SUB00017,2024-06-01,2024-07-01,3866.32,193.32,4059.64,Paid,False
INV000060,CUST0017,SUB00017,2024-07-01,2024-07-31,3866.32,193.32,4059.64,Open,False
INV000061,CUST0017,SUB00017,2024-08-01,2024-08-31,3866.32,193.32,4059.64,Open,False
INV000062,CUST0017,SUB00017,2024-09-01,2024-10-01,3866.32,193.32,4059.64,Paid,False
INV000063,CUST0017,SUB00017,2024-10-01,2024-10-31,3866.32,193.32,4059.64,Open,False
INV000064,CUST0017,SUB00017,2024-11-01,2024-12-01,3866.32,193.32,4059.64,Paid,False
INV000065,CUST0017,SUB00017,2024-12-01,2024-12-31,3866.32,193.32,4059.64,Open,False
INV000066,CUST0018,SUB00018,2025-06-25,2025-07-25,649.45,32.47,681.92,Overdue,False
INV000067,CUST0019,SUB00019,2025-02-11,2025-03-13,601.72,30.09,631.81,Paid,False
INV000068,CUST0020,SUB00020,2025-06-11,2025-07-11,271.51,13.58,285.09,Open,False
INV000069,CUST0021,SUB00021,2024-07-01,2024-07-31,639.17,31.96,671.13,Open,False
INV000070,CUST0021,SUB00021,2024-08-01,2024-08-31,639.17,31.96,671.13,Paid,False
INV000071,CUST0021,SUB00021,2024-09-01,2024-10-01,639.17,31.96,671.13,Paid,False
INV000072,CUST0021,SUB00021,2024-10-01,2024-10-31,639.17,31.96,671.13,Void,True
INV000073,CUST0021,SUB00021,2024-11-01,2024-12-01,639.17,31.96,671.13,Open,False
INV000074,CUST0021,SUB00021,2024-12-01,2024-12-31,639.17,31.96,671.13,Paid,False
INV000075,CUST0022,SUB00022,2025-04-25,2025-05-25,201.93,10.1,212.03,Overdue,False
INV000076,CUST0023,SUB00023,2025-04-10,2025-05-10,711.25,35.56,746.81,Open,False
INV000077,CUST0024,SUB00024,2024-09-01,2024-10-01,279.77,13.99,293.76,Paid,False
INV000078,CUST0024,SUB00024,2024-10-01,2024-10-31,279.77,13.99,293.76,Open,False
INV000079,CUST0024,SUB00024,2024-11-01,2024-12-01,279.77,13.99,293.76,Paid,False
INV000080,CUST0024,SUB00024,2024-12-01,2024-12-31,279.77,13.99,293.76,Paid,False
INV000081,CUST0024,SUB00024,2025-01-01,2025-01-31,279.77,13.99,293.76,Paid,False
INV000082,CUST0024,SUB00024,2025-02-01,2025-03-03,279.77,13.99,293.76,Open,False
INV000083,CUST0024,SUB00024,2025-03-01,2025-03-31,279.77,13.99,293.76,Paid,False
INV000084,CUST0024,SUB00024,2025-04-01,2025-05-01,279.77,13.99,293.76,Paid,False
INV000085,CUST0024,SUB00024,2025-05-01,2025-05-31,279.77,13.99,293.76,Paid,False
INV000086,CUST0025,SUB00025,2024-10-01,2024-10-31,234.33,11.72,246.05,Open,False
INV000087,CUST0025,SUB00025,2024-11-01,2024-12-01,234.33,11.72,246.05,Paid,False
INV000088,CUST0025,SUB00025,2024-12-01,2024-12-31,234.33,11.72,246.05,Paid,False
INV000089,CUST0026,SUB00026,2025-01-26,2025-02-25,728.66,36.43,765.09,Overdue,False
INV000090,CUST0027,SUB00027,2025-05-17,2025-06-16,591.03,29.55,620.58,Paid,False
INV000091,CUST0028,SUB00028,2024-06-01,2024-07-01,723.55,36.18,759.73,Open,False
INV000092,CUST0028,SUB00028,2024-07-01,2024-07-31,723.55,36.18,759.73,Void,True
INV000093,CUST0028,SUB00028,2024-08-01,2024-08-31,723.55,36.18,759.73,Overdue,False
INV000094,CUST0028,SUB00028,2024-09-01,2024-10-01,723.55,36.18,759.73,Void,True
INV000095,CUST0028,SUB00028,2024-10-01,2024-10-31,723.55,36.18,759.73,Paid,False
INV000096,CUST0028,SUB00028,2024-11-01,2024-12-01,723.55,36.18,759.73,Paid,False
INV000097,CUST0028,SUB00028,2024-12-01,2024-12-31,723.55,36.18,759.73,Paid,False
INV000098,CUST0029,SUB00029,2024-10-01,2024-10-31,1837.27,91.86,1929.13,Paid,False
INV000099,CUST0029,SUB00029,2024-11-01,2024-12-01,1837.27,91.86,1929.13,Paid,False
INV000100,CUST0029,SUB00029,2024-12-01,2024-12-31,1837.27,91.86,1929.13,Paid,False
INV000101,CUST0030,SUB00030,2025-02-15,2025-03-17,219.35,10.97,230.32,Void,True
INV000102,CUST0031,SUB00031,2025-04-17,2025-05-17,659.81,32.99,692.8,Open,False
INV000103,CUST0032,SUB00032,2024-09-01,2024-10-01,223.09,11.15,234.24,Paid,False
INV000104,CUST0032,SUB00032,2024-10-01,2024-10-31,223.09,11.15,234.24,Paid,False
INV000105,CUST0032,SUB00032,2024-11-01,2024-12-01,223.09,11.15,234.24,Open,False
INV000106,CUST0032,SUB00032,2024-12-01,2024-12-31,223.09,11.15,234.24,Paid,False
INV000107,CUST0033,SUB00033,2026-03-01,2026-03-31,-4290.12,-214.51,-4504.63,Paid,False
INV000108,CUST0034,SUB00034,2026-04-01,2026-05-01,1343.14,67.16,1410.3,Paid,False
INV000109,CUST0034,SUB00034,2026-05-01,2026-05-31,1343.14,67.16,1410.3,Paid,False
INV000110,CUST0034,SUB00034,2026-06-01,2026-07-01,-1343.14,-67.16,-1410.3,Paid,False
INV000111,CUST0034,SUB00034,2026-07-01,2026-07-31,1343.14,67.16,1410.3,Overdue,False
INV000112,CUST0034,SUB00034,2026-08-01,2026-08-31,1343.14,67.16,1410.3,Overdue,False
INV000113,CUST0034,SUB00034,2026-09-01,2026-10-01,1343.14,67.16,1410.3,Paid,False
INV000114,CUST0034,SUB00034,2026-10-01,2026-10-31,1343.14,67.16,1410.3,Open,False
INV000115,CUST0035,SUB00035,2025-07-28,2025-08-27,1464.95,73.25,1538.2,Overdue,False
INV000116,CUST0036,SUB00036,2024-11-01,2024-12-01,294.95,14.75,309.7,Paid,False
INV000117,CUST0036,SUB00036,2024-12-01,2024-12-31,294.95,14.75,309.7,Paid,False
INV000118,CUST0036,SUB00036,2025-01-01,2025-01-31,294.95,14.75,309.7,Unknown,False
INV000119,CUST0036,SUB00036,2025-02-01,2025-03-03,294.95,14.75,309.7,Paid,False
INV000120,CUST0036,SUB00036,2025-03-01,2025-03-31,294.95,14.75,309.7,Paid,False
INV000121,CUST0036,SUB00036,2025-04-01,2025-05-01,294.95,14.75,309.7,Overdue,False
INV000122,CUST0036,SUB00036,2025-05-01,2025-05-31,294.95,14.75,309.7,Unknown,False
INV000123,CUST0036,SUB00036,2025-06-01,2025-07-01,294.95,14.75,309.7,Paid,False
INV000124,CUST0036,SUB00036,2025-07-01,2025-07-31,294.95,14.75,309.7,Paid,False
INV000125,CUST0036,SUB00036,2025-08-01,2025-08-31,294.95,14.75,309.7,Unknown,False
INV000126,CUST0036,SUB00036,2025-09-01,2025-10-01,294.95,14.75,309.7,Paid,False
INV000127,CUST0036,SUB00036,2025-10-01,2025-10-31,294.95,14.75,309.7,Open,False
INV000128,CUST0036,SUB00036,2025-11-01,2025-12-01,294.95,14.75,309.7,Paid,False
INV000129,CUST0036,SUB00036,2025-12-01,2025-12-31,294.95,14.75,309.7,Paid,False
INV000130,CUST0036,SUB00036,2026-01-01,2026-01-31,294.95,14.75,309.7,Paid,False
INV000131,CUST0037,SUB00037,2025-07-01,2025-07-31,1458.5,72.92,1531.42,Paid,False
INV000132,CUST0038,SUB00038,2025-10-08,2025-11-07,3780.46,189.02,3969.48,Paid,False
INV000133,CUST0039,SUB00039,2025-12-22,2026-01-21,1539.34,76.97,1616.31,Overdue,False
INV000134,CUST0040,SUB00040,2024-05-01,2024-05-31,4455.21,222.76,4677.97,Paid,False
INV000135,CUST0040,SUB00040,2024-06-01,2024-07-01,4455.21,222.76,4677.97,Paid,False
INV000136,CUST0040,SUB00040,2024-07-01,2024-07-31,4455.21,222.76,4677.97,Overdue,False
INV000137,CUST0040,SUB00040,2024-08-01,2024-08-31,4455.21,222.76,4677.97,Paid,False
INV000138,CUST0040,SUB00040,2024-09-01,2024-10-01,4455.21,222.76,4677.97,Paid,False
INV000139,CUST0040,SUB00040,2024-10-01,2024-10-31,4455.21,222.76,4677.97,Paid,False
INV000140,CUST0041,SUB00041,2025-03-09,2025-04-08,304.19,15.21,319.4,Open,False
INV000141,CUST0042,SUB00042,2024-11-01,2024-12-01,3827.52,191.38,4018.9,Paid,False
INV000142,CUST0042,SUB00042,2024-12-01,2024-12-31,3827.52,191.38,4018.9,Overdue,False
INV000143,CUST0043,SUB00043,2025-02-12,2025-03-14,295.99,14.8,310.79,Paid,False
INV000144,CUST0044,SUB00044,2024-07-01,2024-07-31,233.87,11.69,245.56,Paid,False
INV000145,CUST0044,SUB00044,2024-08-01,2024-08-31,233.87,11.69,245.56,Paid,False
INV000146,CUST0044,SUB00044,2024-09-01,2024-10-01,233.87,11.69,245.56,Paid,False
INV000147,CUST0044,SUB00044,2024-10-01,2024-10-31,233.87,11.69,245.56,Paid,False
INV000148,CUST0044,SUB00044,2024-11-01,2024-12-01,233.87,11.69,245.56,Paid,False
INV000149,CUST0044,SUB00044,2024-12-01,2024-12-31,233.87,11.69,245.56,Paid,False
INV000150,CUST0045,SUB00045,2025-04-19,2025-05-19,1385.92,69.3,1455.22,Open,False
INV000151,CUST0046,SUB00046,2024-11-01,2024-12-01,255.65,12.78,268.43,Paid,False
INV000152,CUST0046,SUB00046,2024-12-01,2024-12-31,255.65,12.78,268.43,Paid,False
INV000153,CUST0046,SUB00046,2025-01-01,2025-01-31,255.65,12.78,268.43,Open,False
INV000154,CUST0046,SUB00046,2025-02-01,2025-03-03,255.65,12.78,268.43,Void,True
INV000155,CUST0046,SUB00046,2025-03-01,2025-03-31,255.65,12.78,268.43,Paid,False
INV000156,CUST0046,SUB00046,2025-04-01,2025-05-01,255.65,12.78,268.43,Overdue,False
INV000157,CUST0046,SUB00046,2025-05-01,2025-05-31,255.65,12.78,268.43,Paid,False
INV000158,CUST0047,SUB00047,2024-11-01,2024-12-01,592.03,29.6,621.63,Overdue,False
INV000159,CUST0047,SUB00047,2024-12-01,2024-12-31,592.03,29.6,621.63,Paid,False
INV000160,CUST0047,SUB00047,2025-01-01,2025-01-31,592.03,29.6,621.63,Paid,False
INV000161,CUST0047,SUB00047,2025-02-01,2025-03-03,592.03,29.6,621.63,Void,True
INV000162,CUST0047,SUB00047,2025-03-01,2025-03-31,592.03,29.6,621.63,Paid,False
INV000163,CUST0047,SUB00047,2025-04-01,2025-05-01,592.03,29.6,621.63,Open,False
INV000164,CUST0048,SUB00048,2024-07-01,2024-07-31,240.47,12.02,252.49,Paid,False
INV000165,CUST0048,SUB00048,2024-08-01,2024-08-31,240.47,12.02,252.49,Open,False
INV000166,CUST0048,SUB00048,2024-09-01,2024-10-01,240.47,12.02,252.49,Paid,False
INV000167,CUST0048,SUB00048,2024-10-01,2024-10-31,240.47,12.02,252.49,Paid,False
INV000168,CUST0048,SUB00048,2024-11-01,2024-12-01,240.47,12.02,252.49,Paid,False
INV000169,CUST0048,SUB00048,2024-12-01,2024-12-31,240.47,12.02,252.49,Overdue,False
INV000170,CUST0049,SUB00049,2025-08-19,2025-09-18,749.77,37.49,787.26,Overdue,False
INV000171,CUST0050,SUB00050,2025-06-16,2025-07-16,1491.64,74.58,1566.22,Paid,False
INV000172,CUST0051,SUB00051,2024-12-01,2024-12-31,630.83,31.54,662.37,Open,False
INV000173,CUST0052,SUB00052,2024-12-01,2024-12-31,1277.39,63.87,1341.26,Paid,False
INV000174,CUST0053,SUB00053,2024-06-01,2024-07-01,4256.24,212.81,4469.05,Paid,False
INV000175,CUST0053,SUB00053,2024-07-01,2024-07-31,4256.24,212.81,4469.05,Void,True
INV000176,CUST0053,SUB00053,2024-08-01,2024-08-31,4256.24,212.81,4469.05,Paid,False
INV000177,CUST0053,SUB00053,2024-09-01,2024-10-01,4256.24,212.81,4469.05,Open,False
INV000178,CUST0053,SUB00053,2024-10-01,2024-10-31,-4256.24,-212.81,-4469.05,Open,False
INV000179,CUST0053,SUB00053,2024-11-01,2024-12-01,4256.24,212.81,4469.05,Paid,False
INV000180,CUST0053,SUB00053,2024-12-01,2024-12-31,4256.24,212.81,4469.05,Paid,False
INV000181,CUST0054,SUB00054,2025-08-03,2025-09-02,738.34,36.92,775.26,Overdue,False
INV000182,CUST0055,SUB00055,2025-05-04,2025-06-03,255.94,12.8,268.74,Paid,False
INV000183,CUST0056,SUB00056,2025-07-09,2025-08-08,281.41,14.07,295.48,Paid,False
INV000184,CUST0057,SUB00057,2025-07-20,2025-08-19,617.12,30.86,647.98,Open,False
INV000185,CUST0058,SUB00058,2025-01-08,2025-02-07,310.42,15.52,325.94,Void,True
INV000186,CUST0059,SUB00059,2025-06-04,2025-07-04,-596.51,-29.83,-626.34,Overdue,False
INV000187,CUST0060,SUB00060,2024-12-01,2024-12-31,272.85,13.64,286.49,Paid,False
INV000188,CUST0061,SUB00061,2024-09-01,2024-10-01,1873.15,93.66,1966.81,Paid,False
INV000189,CUST0061,SUB00061,2024-10-01,2024-10-31,1873.15,93.66,1966.81,Unknown,False
INV000190,CUST0061,SUB00061,2024-11-01,2024-12-01,1873.15,93.66,1966.81,Paid,False
INV000191,CUST0061,SUB00061,2024-12-01,2024-12-31,1873.15,93.66,1966.81,Unknown,False
INV000192,CUST0062,SUB00062,2024-06-01,2024-07-01,-1430.15,-71.51,-1501.66,Paid,False
INV000193,CUST0062,SUB00062,2024-07-01,2024-07-31,-1430.15,-71.51,-1501.66,Open,False
INV000194,CUST0062,SUB00062,2024-08-01,2024-08-31,-1430.15,-71.51,-1501.66,Overdue,False
INV000195,CUST0062,SUB00062,2024-09-01,2024-10-01,-1430.15,-71.51,-1501.66,Open,False
INV000196,CUST0062,SUB00062,2024-10-01,2024-10-31,-1430.15,-71.51,-1501.66,Open,False
INV000197,CUST0062,SUB00062,2024-11-01,2024-12-01,-1430.15,-71.51,-1501.66,Void,True
INV000198,CUST0062,SUB00062,2024-12-01,2024-12-31,-1430.15,-71.51,-1501.66,Overdue,False
INV000199,CUST0062,SUB00062,2025-01-01,2025-01-31,-1430.15,-71.51,-1501.66,Paid,False
INV000200,CUST0062,SUB00062,2025-02-01,2025-03-03,-1430.15,-71.51,-1501.66,Open,False
INV000201,CUST0062,SUB00062,2025-03-01,2025-03-31,-1430.15,-71.51,-1501.66,Paid,False
INV000202,CUST0062,SUB00062,2025-04-01,2025-05-01,-1430.15,-71.51,-1501.66,Paid,False
INV000203,CUST0062,SUB00062,2025-05-01,2025-05-31,-1430.15,-71.51,-1501.66,Paid,False
INV000204,CUST0063,SUB00063,2025-01-03,2025-02-02,214.45,10.72,225.17,Overdue,False
INV000205,CUST0064,SUB00064,2026-02-20,2026-03-22,1183.66,59.18,1242.84,Void,True
INV000206,CUST0065,SUB00065,2025-12-23,2026-01-22,311.94,15.6,327.54,Unknown,False
INV000207,CUST0066,SUB00066,2024-08-01,2024-08-31,3068.1,153.41,3221.51,Paid,False
INV000208,CUST0066,SUB00066,2024-09-01,2024-10-01,3068.1,153.41,3221.51,Open,False
INV000209,CUST0066,SUB00066,2024-10-01,2024-10-31,3068.1,153.41,3221.51,Paid,False
INV000210,CUST0066,SUB00066,2024-11-01,2024-12-01,3068.1,153.41,3221.51,Paid,False
INV000211,CUST0066,SUB00066,2024-12-01,2024-12-31,3068.1,153.41,3221.51,Paid,False
INV000212,CUST0067,SUB00067,2024-05-01,2024-05-31,678.21,33.91,712.12,Paid,False
INV000213,CUST0067,SUB00067,2024-06-01,2024-07-01,678.21,33.91,712.12,Paid,False
INV000214,CUST0067,SUB00067,2024-07-01,2024-07-31,678.21,33.91,712.12,Open,False
INV000215,CUST0067,SUB00067,2024-08-01,2024-08-31,678.21,33.91,712.12,Paid,False
INV000216,CUST0067,SUB00067,2024-09-01,2024-10-01,678.21,33.91,712.12,Overdue,False
INV000217,CUST0067,SUB00067,2024-10-01,2024-10-31,678.21,33.91,712.12,Open,False
INV000218,CUST0067,SUB00067,2024-11-01,2024-12-01,678.21,33.91,712.12,Open,False
INV000219,CUST0067,SUB00067,2024-12-01,2024-12-31,678.21,33.91,712.12,Paid,False
INV000220,CUST0068,SUB00068,2025-12-15,2026-01-14,1664.87,83.24,1748.11,Paid,False
INV000221,CUST0069,SUB00069,2024-10-01,2024-10-31,1321.78,66.09,1387.87,Overdue,False
INV000222,CUST0069,SUB00069,2024-11-01,2024-12-01,1321.78,66.09,1387.87,Unknown,False
INV000223,CUST0069,SUB00069,2024-12-01,2024-12-31,1321.78,66.09,1387.87,Overdue,False
INV000224,CUST0070,SUB00070,2025-04-15,2025-05-15,267.81,13.39,281.2,Paid,False
INV000225,CUST0071,SUB00071,2026-02-18,2026-03-20,3439.78,171.99,3611.77,Paid,False
INV000226,CUST0072,SUB00072,2025-05-25,2025-06-24,-3520.79,-176.04,-3696.83,Paid,False
INV000227,CUST0073,SUB00073,2025-09-28,2025-10-28,697.11,34.86,731.97,Paid,False
INV000228,CUST0074,SUB00074,2024-04-30,2024-05-30,223.12,11.16,234.28,Void,True
INV000229,CUST0075,SUB00075,2025-05-01,2025-05-31,660.11,33.01,693.12,Paid,False
INV000230,CUST0075,SUB00075,2025-06-01,2025-07-01,660.11,33.01,693.12,Open,False
INV000231,CUST0075,SUB00075,2025-07-01,2025-07-31,660.11,33.01,693.12,Paid,False
INV000232,CUST0075,SUB00075,2025-08-01,2025-08-31,660.11,33.01,693.12,Open,False
INV000233,CUST0075,SUB00075,2025-09-01,2025-10-01,660.11,33.01,693.12,Open,False
INV000234,CUST0075,SUB00075,2025-10-01,2025-10-31,-660.11,-33.01,-693.12,Open,False
INV000235,CUST0075,SUB00075,2025-11-01,2025-12-01,660.11,33.01,693.12,Open,False
INV000236,CUST0075,SUB00075,2025-12-01,2025-12-31,660.11,33.01,693.12,Open,False
INV000237,CUST0076,SUB00076,2025-02-01,2025-03-03,2792.99,139.65,2932.64,Paid,False
INV000238,CUST0076,SUB00076,2025-03-01,2025-03-31,2792.99,139.65,2932.64,Void,True
INV000239,CUST0076,SUB00076,2025-04-01,2025-05-01,2792.99,139.65,2932.64,Overdue,False
INV000240,CUST0076,SUB00076,2025-05-01,2025-05-31,2792.99,139.65,2932.64,Open,False
INV000241,CUST0076,SUB00076,2025-06-01,2025-07-01,2792.99,139.65,2932.64,Paid,False
INV000242,CUST0076,SUB00076,2025-07-01,2025-07-31,2792.99,139.65,2932.64,Paid,False
INV000243,CUST0076,SUB00076,2025-08-01,2025-08-31,2792.99,139.65,2932.64,Open,False
INV000244,CUST0076,SUB00076,2025-09-01,2025-10-01,2792.99,139.65,2932.64,Overdue,False
INV000245,CUST0077,SUB00077,2025-12-27,2026-01-26,637.54,31.88,669.42,Paid,False
INV000246,CUST0078,SUB00078,2024-08-01,2024-08-31,4346.84,217.34,4564.18,Paid,False
INV000247,CUST0078,SUB00078,2024-09-01,2024-10-01,4346.84,217.34,4564.18,Open,False
INV000248,CUST0078,SUB00078,2024-10-01,2024-10-31,4346.84,217.34,4564.18,Void,True
INV000249,CUST0078,SUB00078,2024-11-01,2024-12-01,4346.84,217.34,4564.18,Paid,False
INV000250,CUST0078,SUB00078,2024-12-01,2024-12-31,4346.84,217.34,4564.18,Paid,False
INV000251,CUST0079,SUB00079,2025-12-12,2026-01-11,238.92,11.95,250.87,Paid,False
INV000252,CUST0080,SUB00080,2025-04-29,2025-05-29,252.09,12.6,264.69,Paid,False
INV000253,CUST0081,SUB00081,2024-11-01,2024-12-01,243.42,12.17,255.59,Paid,False
INV000254,CUST0081,SUB00081,2024-12-01,2024-12-31,243.42,12.17,255.59,Paid,False
INV000255,CUST0081,SUB00081,2025-01-01,2025-01-31,243.42,12.17,255.59,Paid,False
INV000256,CUST0081,SUB00081,2025-02-01,2025-03-03,243.42,12.17,255.59,Open,False
INV000257,CUST0081,SUB00081,2025-03-01,2025-03-31,243.42,12.17,255.59,Paid,False
INV000258,CUST0082,SUB00082,2024-08-01,2024-08-31,721.49,36.07,757.56,Overdue,False
INV000259,CUST0082,SUB00082,2024-09-01,2024-10-01,-721.49,-36.07,-757.56,Paid,False
INV000260,CUST0082,SUB00082,2024-10-01,2024-10-31,721.49,36.07,757.56,Open,False
INV000261,CUST0082,SUB00082,2024-11-01,2024-12-01,721.49,36.07,757.56,Paid,False
INV000262,CUST0082,SUB00082,2024-12-01,2024-12-31,721.49,36.07,757.56,Unknown,False
INV000263,CUST0083,SUB00083,2024-06-01,2024-07-01,4386.29,219.31,4605.6,Open,False
INV000264,CUST0083,SUB00083,2024-07-01,2024-07-31,4386.29,219.31,4605.6,Overdue,False
INV000265,CUST0083,SUB00083,2024-08-01,2024-08-31,4386.29,219.31,4605.6,Paid,False
INV000266,CUST0083,SUB00083,2024-09-01,2024-10-01,4386.29,219.31,4605.6,Paid,False
INV000267,CUST0083,SUB00083,2024-10-01,2024-10-31,-4386.29,-219.31,-4605.6,Open,False
INV000268,CUST0083,SUB00083,2024-11-01,2024-12-01,4386.29,219.31,4605.6,Overdue,False
INV000269,CUST0083,SUB00083,2024-12-01,2024-12-31,4386.29,219.31,4605.6,Open,False
INV000270,CUST0083,SUB00083,2025-01-01,2025-01-31,4386.29,219.31,4605.6,Paid,False
INV000271,CUST0083,SUB00083,2025-02-01,2025-03-03,4386.29,219.31,4605.6,Unknown,False
INV000272,CUST0084,SUB00084,2025-08-22,2025-09-21,221.2,11.06,232.26,Paid,False
INV000273,CUST0085,SUB00085,2025-11-29,2025-12-29,514.81,25.74,540.55,Paid,False
INV000274,CUST0086,SUB00086,2026-01-26,2026-02-25,691.73,34.59,726.32,Paid,False
INV000275,CUST0087,SUB00087,2025-12-15,2026-01-14,672.85,33.64,706.49,Open,False
INV000276,CUST0088,SUB00088,2024-10-01,2024-10-31,230.49,11.52,242.01,Paid,False
INV000277,CUST0088,SUB00088,2024-11-01,2024-12-01,230.49,11.52,242.01,Overdue,False
INV000278,CUST0088,SUB00088,2024-12-01,2024-12-31,230.49,11.52,242.01,Paid,False
INV000279,CUST0088,SUB00088,2025-01-01,2025-01-31,230.49,11.52,242.01,Open,False
INV000280,CUST0088,SUB00088,2025-02-01,2025-03-03,230.49,11.52,242.01,Paid,False
INV000281,CUST0088,SUB00088,2025-03-01,2025-03-31,230.49,11.52,242.01,Paid,False
INV000282,CUST0088,SUB00088,2025-04-01,2025-05-01,230.49,11.52,242.01,Paid,False
INV000283,CUST0088,SUB00088,2025-05-01,2025-05-31,230.49,11.52,242.01,Paid,False
INV000284,CUST0088,SUB00088,2025-06-01,2025-07-01,230.49,11.52,242.01,Paid,False
INV000285,CUST0088,SUB00088,2025-07-01,2025-07-31,-230.49,-11.52,-242.01,Paid,False
INV000286,CUST0088,SUB00088,2025-08-01,2025-08-31,-230.49,-11.52,-242.01,Open,False
INV000287,CUST0088,SUB00088,2025-09-01,2025-10-01,230.49,11.52,242.01,Paid,False
INV000288,CUST0089,SUB00089,2025-12-10,2026-01-09,224.28,11.21,235.49,Open,False
INV000289,CUST0090,SUB00090,2025-01-04,2025-02-03,3261.0,163.05,3424.05,Open,False
INV000290,CUST0091,SUB00091,2026-02-25,2026-03-27,4474.83,223.74,4698.57,Paid,False
INV000291,CUST0092,SUB00092,2024-10-01,2024-10-31,1344.88,67.24,1412.12,Open,False
INV000292,CUST0092,SUB00092,2024-11-01,2024-12-01,1344.88,67.24,1412.12,Open,False
INV000293,CUST0092,SUB00092,2024-12-01,2024-12-31,1344.88,67.24,1412.12,Void,True
INV000294,CUST0092,SUB00092,2025-01-01,2025-01-31,1344.88,67.24,1412.12,Open,False
INV000295,CUST0092,SUB00092,2025-02-01,2025-03-03,1344.88,67.24,1412.12,Paid,False
INV000296,CUST0092,SUB00092,2025-03-01,2025-03-31,1344.88,67.24,1412.12,Paid,False
INV000297,CUST0092,SUB00092,2025-04-01,2025-05-01,1344.88,67.24,1412.12,Paid,False
INV000298,CUST0092,SUB00092,2025-05-01,2025-05-31,1344.88,67.24,1412.12,Paid,False
INV000299,CUST0092,SUB00092,2025-06-01,2025-07-01,1344.88,67.24,1412.12,Paid,False
INV000300,CUST0092,SUB00092,2025-07-01,2025-07-31,1344.88,67.24,1412.12,Paid,False
INV000301,CUST0092,SUB00092,2025-08-01,2025-08-31,1344.88,67.24,1412.12,Overdue,False
INV000302,CUST0092,SUB00092,2025-09-01,2025-10-01,1344.88,67.24,1412.12,Paid,False
INV000303,CUST0092,SUB00092,2025-10-01,2025-10-31,-1344.88,-67.24,-1412.12,Paid,False
INV000304,CUST0092,SUB00092,2025-11-01,2025-12-01,1344.88,67.24,1412.12,Overdue,False
INV000305,CUST0092,SUB00092,2025-12-01,2025-12-31,1344.88,67.24,1412.12,Paid,False
INV000306,CUST0093,SUB00093,2023-09-01,2023-10-01,232.44,11.62,244.06,Paid,False
INV000307,CUST0093,SUB00093,2023-10-01,2023-10-31,232.44,11.62,244.06,Paid,False
INV000308,CUST0093,SUB00093,2023-11-01,2023-12-01,232.44,11.62,244.06,Paid,False
INV000309,CUST0093,SUB00093,2023-12-01,2023-12-31,232.44,11.62,244.06,Open,False
INV000310,CUST0093,SUB00093,2024-01-01,2024-01-31,232.44,11.62,244.06,Paid,False
INV000311,CUST0093,SUB00093,2024-02-01,2024-03-02,232.44,11.62,244.06,Paid,False
INV000312,CUST0093,SUB00093,2024-03-01,2024-03-31,-232.44,-11.62,-244.06,Paid,False
INV000313,CUST0093,SUB00093,2024-04-01,2024-05-01,-232.44,-11.62,-244.06,Paid,False
INV000314,CUST0093,SUB00093,2024-05-01,2024-05-31,232.44,11.62,244.06,Paid,False
INV000315,CUST0093,SUB00093,2024-06-01,2024-07-01,232.44,11.62,244.06,Open,False
INV000316,CUST0093,SUB00093,2024-07-01,2024-07-31,232.44,11.62,244.06,Paid,False
INV000317,CUST0093,SUB00093,2024-08-01,2024-08-31,232.44,11.62,244.06,Paid,False
INV000318,CUST0093,SUB00093,2024-09-01,2024-10-01,232.44,11.62,244.06,Open,False
INV000319,CUST0093,SUB00093,2024-10-01,2024-10-31,232.44,11.62,244.06,Unknown,False
INV000320,CUST0093,SUB00093,2024-11-01,2024-12-01,232.44,11.62,244.06,Paid,False
INV000321,CUST0093,SUB00093,2024-12-01,2024-12-31,232.44,11.62,244.06,Open,False
INV000322,CUST0094,SUB00094,2024-05-01,2024-05-31,762.6,38.13,800.73,Paid,False
INV000323,CUST0094,SUB00094,2024-06-01,2024-07-01,762.6,38.13,800.73,Unknown,False
INV000324,CUST0094,SUB00094,2024-07-01,2024-07-31,762.6,38.13,800.73,Paid,False
INV000325,CUST0094,SUB00094,2024-08-01,2024-08-31,762.6,38.13,800.73,Paid,False
INV000326,CUST0094,SUB00094,2024-09-01,2024-10-01,762.6,38.13,800.73,Void,True
INV000327,CUST0094,SUB00094,2024-10-01,2024-10-31,762.6,38.13,800.73,Paid,False
INV000328,CUST0094,SUB00094,2024-11-01,2024-12-01,762.6,38.13,800.73,Paid,False
INV000329,CUST0094,SUB00094,2024-12-01,2024-12-31,762.6,38.13,800.73,Paid,False
INV000330,CUST0094,SUB00094,2025-01-01,2025-01-31,762.6,38.13,800.73,Paid,False
INV000331,CUST0094,SUB00094,2025-02-01,2025-03-03,762.6,38.13,800.73,Paid,False
INV000332,CUST0094,SUB00094,2025-03-01,2025-03-31,762.6,38.13,800.73,Paid,False
INV000333,CUST0094,SUB00094,2025-04-01,2025-05-01,762.6,38.13,800.73,Paid,False
INV000334,CUST0095,SUB00095,2025-03-04,2025-04-03,4711.38,235.57,4946.95,Open,False
INV000335,CUST0096,SUB00096,2025-06-01,2025-07-01,256.68,12.83,269.51,Overdue,False
INV000336,CUST0097,SUB00097,2026-03-17,2026-04-16,292.35,14.62,306.97,Paid,False
INV000337,CUST0098,SUB00098,2024-10-01,2024-10-31,604.54,30.23,634.77,Paid,False
INV000338,CUST0098,SUB00098,2024-11-01,2024-12-01,604.54,30.23,634.77,Paid,False
INV000339,CUST0098,SUB00098,2024-12-01,2024-12-31,604.54,30.23,634.77,Paid,False
INV000340,CUST0098,SUB00098,2025-01-01,2025-01-31,-604.54,-30.23,-634.77,Open,False
INV000341,CUST0098,SUB00098,2025-02-01,2025-03-03,604.54,30.23,634.77,Open,False
INV000342,CUST0098,SUB00098,2025-03-01,2025-03-31,604.54,30.23,634.77,Paid,False
INV000343,CUST0098,SUB00098,2025-04-01,2025-05-01,604.54,30.23,634.77,Paid,False
INV000344,CUST0098,SUB00098,2025-05-01,2025-05-31,604.54,30.23,634.77,Open,False
INV000345,CUST0098,SUB00098,2025-06-01,2025-07-01,604.54,30.23,634.77,Paid,False
INV000346,CUST0098,SUB00098,2025-07-01,2025-07-31,604.54,30.23,634.77,Open,False
INV000347,CUST0098,SUB00098,2025-08-01,2025-08-31,604.54,30.23,634.77,Open,False
INV000348,CUST0098,SUB00098,2025-09-01,2025-10-01,604.54,30.23,634.77,Overdue,False
INV000349,CUST0098,SUB00098,2025-10-01,2025-10-31,604.54,30.23,634.77,Void,True
INV000350,CUST0098,SUB00098,2025-11-01,2025-12-01,604.54,30.23,634.77,Paid,False
INV000351,CUST0098,SUB00098,2025-12-01,2025-12-31,604.54,30.23,634.77,Paid,False
INV000352,CUST0098,SUB00098,2026-01-01,2026-01-31,604.54,30.23,634.77,Open,False
INV000353,CUST0098,SUB00098,2026-02-01,2026-03-03,604.54,30.23,634.77,Open,False
INV000354,CUST0098,SUB00098,2026-03-01,2026-03-31,604.54,30.23,634.77,Paid,False
INV000355,CUST0099,SUB00099,2024-10-01,2024-10-31,-302.78,-15.14,-317.92,Open,False
INV000356,CUST0099,SUB00099,2024-11-01,2024-12-01,302.78,15.14,317.92,Open,False
INV000357,CUST0099,SUB00099,2024-12-01,2024-12-31,302.78,15.14,317.92,Paid,False
INV000358,CUST0100,SUB00100,2024-09-01,2024-10-01,642.57,32.13,674.7,Paid,False
INV000359,CUST0100,SUB00100,2024-10-01,2024-10-31,642.57,32.13,674.7,Overdue,False
INV000360,CUST0100,SUB00100,2024-11-01,2024-12-01,642.57,32.13,674.7,Open,False
INV000361,CUST0100,SUB00100,2024-12-01,2024-12-31,642.57,32.13,674.7,Unknown,False
INV000362,CUST0100,SUB00100,2025-01-01,2025-01-31,642.57,32.13,674.7,Unknown,False
INV000363,CUST0100,SUB00100,2025-02-01,2025-03-03,642.57,32.13,674.7,Void,True
INV000364,CUST0100,SUB00100,2025-03-01,2025-03-31,642.57,32.13,674.7,Paid,False
INV000365,CUST0100,SUB00100,2025-04-01,2025-05-01,642.57,32.13,674.7,Open,False
INV000366,CUST0101,SUB00101,2024-05-01,2024-05-31,195.48,9.77,205.25,Paid,False
INV000367,CUST0101,SUB00101,2024-06-01,2024-07-01,195.48,9.77,205.25,Overdue,False
INV000368,CUST0101,SUB00101,2024-07-01,2024-07-31,195.48,9.77,205.25,Paid,False
INV000369,CUST0101,SUB00101,2024-08-01,2024-08-31,195.48,9.77,205.25,Paid,False
INV000370,CUST0101,SUB00101,2024-09-01,2024-10-01,195.48,9.77,205.25,Open,False
INV000371,CUST0101,SUB00101,2024-10-01,2024-10-31,195.48,9.77,205.25,Paid,False
INV000372,CUST0101,SUB00101,2024-11-01,2024-12-01,195.48,9.77,205.25,Open,False
INV000373,CUST0101,SUB00101,2024-12-01,2024-12-31,195.48,9.77,205.25,Void,True
INV000374,CUST0102,SUB00102,2026-03-11,2026-04-10,253.58,12.68,266.26,Paid,False
INV000375,CUST0103,SUB00103,2024-11-01,2024-12-01,4453.63,222.68,4676.31,Overdue,False
INV000376,CUST0103,SUB00103,2024-12-01,2024-12-31,4453.63,222.68,4676.31,Overdue,False
INV000377,CUST0104,SUB00104,2023-10-01,2023-10-31,653.18,32.66,685.84,Unknown,False
INV000378,CUST0104,SUB00104,2023-11-01,2023-12-01,653.18,32.66,685.84,Paid,False
INV000379,CUST0104,SUB00104,2023-12-01,2023-12-31,-653.18,-32.66,-685.84,Paid,False
INV000380,CUST0104,SUB00104,2024-01-01,2024-01-31,653.18,32.66,685.84,Paid,False
INV000381,CUST0104,SUB00104,2024-02-01,2024-03-02,653.18,32.66,685.84,Open,False
INV000382,CUST0104,SUB00104,2024-03-01,2024-03-31,653.18,32.66,685.84,Paid,False
INV000383,CUST0104,SUB00104,2024-04-01,2024-05-01,653.18,32.66,685.84,Paid,False
INV000384,CUST0104,SUB00104,2024-05-01,2024-05-31,653.18,32.66,685.84,Paid,False
INV000385,CUST0104,SUB00104,2024-06-01,2024-07-01,653.18,32.66,685.84,Paid,False
INV000386,CUST0104,SUB00104,2024-07-01,2024-07-31,653.18,32.66,685.84,Open,False
INV000387,CUST0104,SUB00104,2024-08-01,2024-08-31,653.18,32.66,685.84,Overdue,False
INV000388,CUST0104,SUB00104,2024-09-01,2024-10-01,653.18,32.66,685.84,Void,True
INV000389,CUST0104,SUB00104,2024-10-01,2024-10-31,653.18,32.66,685.84,Overdue,False
INV000390,CUST0104,SUB00104,2024-11-01,2024-12-01,653.18,32.66,685.84,Paid,False
INV000391,CUST0104,SUB00104,2024-12-01,2024-12-31,653.18,32.66,685.84,Paid,False
INV000392,CUST0105,SUB00105,2025-12-04,2026-01-03,4651.88,232.59,4884.47,Open,False
INV000393,CUST0106,SUB00106,2024-10-01,2024-10-31,257.82,12.89,270.71,Open,False
INV000394,CUST0106,SUB00106,2024-11-01,2024-12-01,257.82,12.89,270.71,Paid,False
INV000395,CUST0106,SUB00106,2024-12-01,2024-12-31,-257.82,-12.89,-270.71,Open,False
INV000396,CUST0107,SUB00107,2024-09-01,2024-10-01,280.97,14.05,295.02,Open,False
INV000397,CUST0107,SUB00107,2024-10-01,2024-10-31,280.97,14.05,295.02,Paid,False
INV000398,CUST0107,SUB00107,2024-11-01,2024-12-01,280.97,14.05,295.02,Paid,False
INV000399,CUST0107,SUB00107,2024-12-01,2024-12-31,280.97,14.05,295.02,Paid,False
INV000400,CUST0108,SUB00108,2024-09-01,2024-10-01,1428.39,71.42,1499.81,Overdue,False
INV000401,CUST0108,SUB00108,2024-10-01,2024-10-31,1428.39,71.42,1499.81,Paid,False
INV000402,CUST0108,SUB00108,2024-11-01,2024-12-01,1428.39,71.42,1499.81,Paid,False
INV000403,CUST0108,SUB00108,2024-12-01,2024-12-31,1428.39,71.42,1499.81,Paid,False
INV000404,CUST0109,SUB00109,2026-02-09,2026-03-11,4339.87,216.99,4556.86,Paid,False
INV000405,CUST0110,SUB00110,2024-08-01,2024-08-31,260.88,13.04,273.92,Unknown,False
INV000406,CUST0110,SUB00110,2024-09-01,2024-10-01,260.88,13.04,273.92,Paid,False
INV000407,CUST0110,SUB00110,2024-10-01,2024-10-31,260.88,13.04,273.92,Paid,False
INV000408,CUST0110,SUB00110,2024-11-01,2024-12-01,260.88,13.04,273.92,Open,False
INV000409,CUST0110,SUB00110,2024-12-01,2024-12-31,260.88,13.04,273.92,Paid,False
INV000410,CUST0112,SUB00112,2024-05-01,2024-05-31,687.56,34.38,721.94,Paid,False
INV000411,CUST0112,SUB00112,2024-06-01,2024-07-01,687.56,34.38,721.94,Open,False
INV000412,CUST0112,SUB00112,2024-07-01,2024-07-31,687.56,34.38,721.94,Open,False
INV000413,CUST0112,SUB00112,2024-08-01,2024-08-31,687.56,34.38,721.94,Paid,False
INV000414,CUST0112,SUB00112,2024-09-01,2024-10-01,687.56,34.38,721.94,Paid,False
INV000415,CUST0112,SUB00112,2024-10-01,2024-10-31,687.56,34.38,721.94,Paid,False
INV000416,CUST0112,SUB00112,2024-11-01,2024-12-01,687.56,34.38,721.94,Paid,False
INV000417,CUST0112,SUB00112,2024-12-01,2024-12-31,687.56,34.38,721.94,Paid,False
INV000418,CUST0113,SUB00113,2025-07-02,2025-08-01,1145.44,57.27,1202.71,Paid,False
INV000419,CUST0114,SUB00114,2024-09-01,2024-10-01,244.37,12.22,256.59,Paid,False
INV000420,CUST0114,SUB00114,2024-10-01,2024-10-31,244.37,12.22,256.59,Paid,False
INV000421,CUST0114,SUB00114,2024-11-01,2024-12-01,244.37,12.22,256.59,Paid,False
INV000422,CUST0114,SUB00114,2024-12-01,2024-12-31,244.37,12.22,256.59,Overdue,False
INV000423,CUST0115,SUB00115,2025-09-26,2025-10-26,4234.2,211.71,4445.91,Void,True
INV000424,CUST0117,SUB00117,2026-02-01,2026-03-03,618.09,30.9,648.99,Paid,False
INV000425,CUST0117,SUB00117,2026-03-01,2026-03-31,-618.09,-30.9,-648.99,Overdue,False
INV000426,CUST0117,SUB00117,2026-04-01,2026-05-01,618.09,30.9,648.99,Paid,False
INV000427,CUST0117,SUB00117,2026-05-01,2026-05-31,618.09,30.9,648.99,Overdue,False
INV000428,CUST0117,SUB00117,2026-06-01,2026-07-01,618.09,30.9,648.99,Paid,False
INV000429,CUST0117,SUB00117,2026-07-01,2026-07-31,618.09,30.9,648.99,Open,False
INV000430,CUST0117,SUB00117,2026-08-01,2026-08-31,618.09,30.9,648.99,Open,False
INV000431,CUST0117,SUB00117,2026-09-01,2026-10-01,618.09,30.9,648.99,Void,True
INV000432,CUST0117,SUB00117,2026-10-01,2026-10-31,618.09,30.9,648.99,Paid,False
INV000433,CUST0117,SUB00117,2026-11-01,2026-12-01,618.09,30.9,648.99,Paid,False
INV000434,CUST0117,SUB00117,2026-12-01,2026-12-31,618.09,30.9,648.99,Paid,False
INV000435,CUST0117,SUB00117,2027-01-01,2027-01-31,618.09,30.9,648.99,Paid,False
INV000436,CUST0118,SUB00118,2024-11-01,2024-12-01,229.68,11.48,241.16,Open,False
INV000437,CUST0118,SUB00118,2024-12-01,2024-12-31,229.68,11.48,241.16,Paid,False
INV000438,CUST0119,SUB00119,2025-05-16,2025-06-15,4064.33,203.22,4267.55,Unknown,False
INV000439,CUST0120,SUB00120,2024-05-01,2024-05-31,1533.06,76.65,1609.71,Paid,False
INV000440,CUST0120,SUB00120,2024-06-01,2024-07-01,1533.06,76.65,1609.71,Overdue,False
INV000441,CUST0120,SUB00120,2024-07-01,2024-07-31,-1533.06,-76.65,-1609.71,Open,False
INV000442,CUST0120,SUB00120,2024-08-01,2024-08-31,1533.06,76.65,1609.71,Paid,False
INV000443,CUST0120,SUB00120,2024-09-01,2024-10-01,1533.06,76.65,1609.71,Paid,False
INV000444,CUST0120,SUB00120,2024-10-01,2024-10-31,1533.06,76.65,1609.71,Paid,False
INV000445,CUST0120,SUB00120,2024-11-01,2024-12-01,1533.06,76.65,1609.71,Open,False
INV000446,CUST0120,SUB00120,2024-12-01,2024-12-31,1533.06,76.65,1609.71,Open,False
INV000447,CUST0120,SUB00120,2025-01-01,2025-01-31,1533.06,76.65,1609.71,Open,False
INV000448,CUST0120,SUB00120,2025-02-01,2025-03-03,1533.06,76.65,1609.71,Paid,False
INV000449,CUST0120,SUB00120,2025-03-01,2025-03-31,1533.06,76.65,1609.71,Overdue,False
INV000450,CUST0120,SUB00120,2025-04-01,2025-05-01,1533.06,76.65,1609.71,Unknown,False
INV000451,CUST0120,SUB00120,2025-05-01,2025-05-31,1533.06,76.65,1609.71,Paid,False
INV000452,CUST0120,SUB00120,2025-06-01,2025-07-01,1533.06,76.65,1609.71,Open,False
INV000453,CUST0120,SUB00120,2025-07-01,2025-07-31,1533.06,76.65,1609.71,Open,False
INV000454,CUST0120,SUB00120,2025-08-01,2025-08-31,1533.06,76.65,1609.71,Paid,False
INV000455,CUST0120,SUB00120,2025-09-01,2025-10-01,1533.06,76.65,1609.71,Open,False
INV000456,CUST0120,SUB00120,2025-10-01,2025-10-31,1533.06,76.65,1609.71,Paid,False
INV000457,CUST0121,SUB00121,2024-09-01,2024-10-01,200.27,10.01,210.28,Paid,False
INV000458,CUST0121,SUB00121,2024-10-01,2024-10-31,200.27,10.01,210.28,Open,False
INV000459,CUST0121,SUB00121,2024-11-01,2024-12-01,200.27,10.01,210.28,Overdue,False
INV000460,CUST0121,SUB00121,2024-12-01,2024-12-31,200.27,10.01,210.28,Paid,False
INV000461,CUST0122,SUB00122,2025-11-22,2025-12-22,661.94,33.1,695.04,Open,False
INV000462,CUST0123,SUB00123,2025-03-14,2025-04-13,251.09,12.55,263.64,Void,True
INV000463,CUST0124,SUB00124,2024-06-01,2024-07-01,279.67,13.98,293.65,Paid,False
INV000464,CUST0124,SUB00124,2024-07-01,2024-07-31,279.67,13.98,293.65,Paid,False
INV000465,CUST0124,SUB00124,2024-08-01,2024-08-31,279.67,13.98,293.65,Paid,False
INV000466,CUST0124,SUB00124,2024-09-01,2024-10-01,279.67,13.98,293.65,Paid,False
INV000467,CUST0124,SUB00124,2024-10-01,2024-10-31,279.67,13.98,293.65,Paid,False
INV000468,CUST0124,SUB00124,2024-11-01,2024-12-01,279.67,13.98,293.65,Paid,False
INV000469,CUST0124,SUB00124,2024-12-01,2024-12-31,-279.67,-13.98,-293.65,Paid,False
INV000470,CUST0125,SUB00125,2024-11-01,2024-12-01,243.83,12.19,256.02,Paid,False
INV000471,CUST0125,SUB00125,2024-12-01,2024-12-31,243.83,12.19,256.02,Overdue,False
INV000472,CUST0126,SUB00126,2024-09-01,2024-10-01,273.25,13.66,286.91,Paid,False
INV000473,CUST0126,SUB00126,2024-10-01,2024-10-31,273.25,13.66,286.91,Open,False
INV000474,CUST0126,SUB00126,2024-11-01,2024-12-01,-273.25,-13.66,-286.91,Paid,False
INV000475,CUST0126,SUB00126,2024-12-01,2024-12-31,273.25,13.66,286.91,Overdue,False
INV000476,CUST0127,SUB00127,2026-01-25,2026-02-24,302.82,15.14,317.96,Paid,False
INV000477,CUST0128,SUB00128,2024-06-01,2024-07-01,253.61,12.68,266.29,Paid,False
INV000478,CUST0128,SUB00128,2024-07-01,2024-07-31,253.61,12.68,266.29,Paid,False
INV000479,CUST0128,SUB00128,2024-08-01,2024-08-31,253.61,12.68,266.29,Overdue,False
INV000480,CUST0128,SUB00128,2024-09-01,2024-10-01,253.61,12.68,266.29,Paid,False
INV000481,CUST0128,SUB00128,2024-10-01,2024-10-31,253.61,12.68,266.29,Paid,False
INV000482,CUST0128,SUB00128,2024-11-01,2024-12-01,253.61,12.68,266.29,Overdue,False
INV000483,CUST0128,SUB00128,2024-12-01,2024-12-31,253.61,12.68,266.29,Paid,False
INV000484,CUST0129,SUB00129,2025-03-04,2025-04-03,3311.74,165.59,3477.33,Paid,False
INV000485,CUST0130,SUB00130,2025-04-25,2025-05-25,575.77,28.79,604.56,Open,False
INV000486,CUST0131,SUB00131,2025-06-21,2025-07-21,-505.5,-25.28,-530.78,Open,False
INV000487,CUST0132,SUB00132,2026-01-30,2026-03-01,835.71,41.79,877.5,Open,False
INV000488,CUST0133,SUB00133,2025-07-03,2025-08-02,3517.57,175.88,3693.45,Paid,False
INV000489,CUST0134,SUB00134,2025-11-04,2025-12-04,562.06,28.1,590.16,Overdue,False
INV000490,CUST0135,SUB00135,2025-12-23,2026-01-22,253.28,12.66,265.94,Paid,False
INV000491,CUST0136,SUB00136,2025-07-18,2025-08-17,858.78,42.94,901.72,Paid,False
INV000492,CUST0137,SUB00137,2025-04-24,2025-05-24,1308.7,65.44,1374.14,Overdue,False
INV000493,CUST0138,SUB00138,2025-08-05,2025-09-04,1263.72,63.19,1326.91,Paid,False
INV000494,CUST0139,SUB00139,2024-05-01,2024-05-31,713.21,35.66,748.87,Overdue,False
INV000495,CUST0139,SUB00139,2024-06-01,2024-07-01,713.21,35.66,748.87,Paid,False
INV000496,CUST0139,SUB00139,2024-07-01,2024-07-31,713.21,35.66,748.87,Paid,False
INV000497,CUST0139,SUB00139,2024-08-01,2024-08-31,713.21,35.66,748.87,Open,False
INV000498,CUST0139,SUB00139,2024-09-01,2024-10-01,713.21,35.66,748.87,Paid,False
INV000499,CUST0139,SUB00139,2024-10-01,2024-10-31,713.21,35.66,748.87,Paid,False
INV000500,CUST0139,SUB00139,2024-11-01,2024-12-01,-713.21,-35.66,-748.87,Unknown,False
INV000501,CUST0139,SUB00139,2024-12-01,2024-12-31,713.21,35.66,748.87,Void,True
INV000502,CUST0140,SUB00140,2025-06-07,2025-07-07,184.54,9.23,193.77,Paid,False
INV000503,CUST0141,SUB00141,2026-01-04,2026-02-03,622.44,31.12,653.56,Paid,False
INV000504,CUST0142,SUB00142,2024-12-01,2024-12-31,673.79,33.69,707.48,Open,False
INV000505,CUST0143,SUB00143,2025-11-05,2025-12-05,628.36,31.42,659.78,Paid,False
INV000506,CUST0144,SUB00144,2025-07-01,2025-07-31,1825.7,91.29,1916.99,Unknown,False
INV000507,CUST0145,SUB00145,2025-11-16,2025-12-16,641.56,32.08,673.64,Overdue,False
INV000508,CUST0146,SUB00146,2025-11-23,2025-12-23,258.57,12.93,271.5,Open,False
INV000509,CUST0147,SUB00147,2024-10-01,2024-10-31,3835.94,191.8,4027.74,Paid,False
INV000510,CUST0147,SUB00147,2024-11-01,2024-12-01,3835.94,191.8,4027.74,Paid,False
INV000511,CUST0147,SUB00147,2024-12-01,2024-12-31,3835.94,191.8,4027.74,Open,False
INV000512,CUST0147,SUB00147,2025-01-01,2025-01-31,3835.94,191.8,4027.74,Paid,False
INV000513,CUST0147,SUB00147,2025-02-01,2025-03-03,3835.94,191.8,4027.74,Open,False
INV000514,CUST0147,SUB00147,2025-03-01,2025-03-31,3835.94,191.8,4027.74,Paid,False
INV000515,CUST0147,SUB00147,2025-04-01,2025-05-01,3835.94,191.8,4027.74,Paid,False
INV000516,CUST0147,SUB00147,2025-05-01,2025-05-31,3835.94,191.8,4027.74,Paid,False
INV000517,CUST0147,SUB00147,2025-06-01,2025-07-01,3835.94,191.8,4027.74,Paid,False
INV000518,CUST0147,SUB00147,2025-07-01,2025-07-31,3835.94,191.8,4027.74,Paid,False
INV000519,CUST0147,SUB00147,2025-08-01,2025-08-31,3835.94,191.8,4027.74,Overdue,False
INV000520,CUST0147,SUB00147,2025-09-01,2025-10-01,3835.94,191.8,4027.74,Paid,False
INV000521,CUST0147,SUB00147,2025-10-01,2025-10-31,3835.94,191.8,4027.74,Paid,False
INV000522,CUST0147,SUB00147,2025-11-01,2025-12-01,3835.94,191.8,4027.74,Paid,False
INV000523,CUST0147,SUB00147,2025-12-01,2025-12-31,3835.94,191.8,4027.74,Paid,False
INV000524,CUST0147,SUB00147,2026-01-01,2026-01-31,3835.94,191.8,4027.74,Open,False
INV000525,CUST0148,SUB00148,2025-02-01,2025-03-03,1453.98,72.7,1526.68,Paid,False
INV000526,CUST0148,SUB00148,2025-03-01,2025-03-31,1453.98,72.7,1526.68,Paid,False
INV000527,CUST0148,SUB00148,2025-04-01,2025-05-01,1453.98,72.7,1526.68,Paid,False
INV000528,CUST0148,SUB00148,2025-05-01,2025-05-31,1453.98,72.7,1526.68,Open,False
INV000529,CUST0148,SUB00148,2025-06-01,2025-07-01,1453.98,72.7,1526.68,Overdue,False
INV000530,CUST0148,SUB00148,2025-07-01,2025-07-31,1453.98,72.7,1526.68,Paid,False
INV000531,CUST0149,SUB00149,2025-10-05,2025-11-04,1449.82,72.49,1522.31,Paid,False
INV000532,CUST0150,SUB00150,2025-09-21,2025-10-21,296.5,14.83,311.33,Paid,False
INV000533,CUST0151,SUB00151,2025-02-27,2025-03-29,202.28,10.11,212.39,Open,False
INV000534,CUST0152,SUB00152,2024-11-01,2024-12-01,1076.96,53.85,1130.81,Void,True
INV000535,CUST0152,SUB00152,2024-12-01,2024-12-31,1076.96,53.85,1130.81,Overdue,False
INV000536,CUST0153,SUB00153,2025-07-01,2025-07-31,263.68,13.18,276.86,Paid,False
INV000537,CUST0153,SUB00153,2025-08-01,2025-08-31,263.68,13.18,276.86,Void,True
INV000538,CUST0153,SUB00153,2025-09-01,2025-10-01,263.68,13.18,276.86,Paid,False
INV000539,CUST0153,SUB00153,2025-10-01,2025-10-31,263.68,13.18,276.86,Overdue,False
INV000540,CUST0153,SUB00153,2025-11-01,2025-12-01,263.68,13.18,276.86,Open,False
INV000541,CUST0153,SUB00153,2025-12-01,2025-12-31,263.68,13.18,276.86,Void,True
INV000542,CUST0153,SUB00153,2026-01-01,2026-01-31,263.68,13.18,276.86,Paid,False
INV000543,CUST0153,SUB00153,2026-02-01,2026-03-03,263.68,13.18,276.86,Paid,False
INV000544,CUST0153,SUB00153,2026-03-01,2026-03-31,-263.68,-13.18,-276.86,Paid,False
INV000545,CUST0153,SUB00153,2026-04-01,2026-05-01,263.68,13.18,276.86,Paid,False
INV000546,CUST0153,SUB00153,2026-05-01,2026-05-31,263.68,13.18,276.86,Paid,False
INV000547,CUST0153,SUB00153,2026-06-01,2026-07-01,263.68,13.18,276.86,Open,False
INV000548,CUST0153,SUB00153,2026-07-01,2026-07-31,263.68,13.18,276.86,Unknown,False
INV000549,CUST0153,SUB00153,2026-08-01,2026-08-31,263.68,13.18,276.86,Paid,False
INV000550,CUST0153,SUB00153,2026-09-01,2026-10-01,263.68,13.18,276.86,Open,False
INV000551,CUST0154,SUB00154,2023-12-01,2023-12-31,-595.49,-29.77,-625.26,Paid,False
INV000552,CUST0154,SUB00154,2024-01-01,2024-01-31,595.49,29.77,625.26,Unknown,False
INV000553,CUST0154,SUB00154,2024-02-01,2024-03-02,595.49,29.77,625.26,Open,False
INV000554,CUST0154,SUB00154,2024-03-01,2024-03-31,595.49,29.77,625.26,Paid,False
INV000555,CUST0154,SUB00154,2024-04-01,2024-05-01,595.49,29.77,625.26,Paid,False
INV000556,CUST0154,SUB00154,2024-05-01,2024-05-31,595.49,29.77,625.26,Open,False
INV000557,CUST0154,SUB00154,2024-06-01,2024-07-01,595.49,29.77,625.26,Paid,False
INV000558,CUST0154,SUB00154,2024-07-01,2024-07-31,595.49,29.77,625.26,Paid,False
INV000559,CUST0154,SUB00154,2024-08-01,2024-08-31,595.49,29.77,625.26,Open,False
INV000560,CUST0154,SUB00154,2024-09-01,2024-10-01,595.49,29.77,625.26,Open,False
INV000561,CUST0154,SUB00154,2024-10-01,2024-10-31,595.49,29.77,625.26,Paid,False
INV000562,CUST0154,SUB00154,2024-11-01,2024-12-01,595.49,29.77,625.26,Open,False
INV000563,CUST0154,SUB00154,2024-12-01,2024-12-31,595.49,29.77,625.26,Void,True
INV000564,CUST0155,SUB00155,2024-08-01,2024-08-31,280.71,14.04,294.75,Paid,False
INV000565,CUST0155,SUB00155,2024-09-01,2024-10-01,280.71,14.04,294.75,Unknown,False
INV000566,CUST0155,SUB00155,2024-10-01,2024-10-31,280.71,14.04,294.75,Open,False
INV000567,CUST0155,SUB00155,2024-11-01,2024-12-01,280.71,14.04,294.75,Open,False
INV000568,CUST0155,SUB00155,2024-12-01,2024-12-31,280.71,14.04,294.75,Paid,False
INV000569,CUST0156,SUB00156,2025-05-01,2025-05-31,604.16,30.21,634.37,Overdue,False
INV000570,CUST0156,SUB00156,2025-06-01,2025-07-01,604.16,30.21,634.37,Paid,False
INV000571,CUST0156,SUB00156,2025-07-01,2025-07-31,604.16,30.21,634.37,Paid,False
INV000572,CUST0156,SUB00156,2025-08-01,2025-08-31,604.16,30.21,634.37,Paid,False
INV000573,CUST0156,SUB00156,2025-09-01,2025-10-01,604.16,30.21,634.37,Overdue,False
INV000574,CUST0156,SUB00156,2025-10-01,2025-10-31,604.16,30.21,634.37,Unknown,False
INV000575,CUST0156,SUB00156,2025-11-01,2025-12-01,604.16,30.21,634.37,Void,True
INV000576,CUST0156,SUB00156,2025-12-01,2025-12-31,604.16,30.21,634.37,Paid,False
INV000577,CUST0156,SUB00156,2026-01-01,2026-01-31,604.16,30.21,634.37,Paid,False
INV000578,CUST0156,SUB00156,2026-02-01,2026-03-03,604.16,30.21,634.37,Paid,False
INV000579,CUST0156,SUB00156,2026-03-01,2026-03-31,604.16,30.21,634.37,Paid,False
INV000580,CUST0156,SUB00156,2026-04-01,2026-05-01,604.16,30.21,634.37,Paid,False
INV000581,CUST0156,SUB00156,2026-05-01,2026-05-31,604.16,30.21,634.37,Open,False
INV000582,CUST0156,SUB00156,2026-06-01,2026-07-01,604.16,30.21,634.37,Open,False
INV000583,CUST0156,SUB00156,2026-07-01,2026-07-31,604.16,30.21,634.37,Paid,False
INV000584,CUST0156,SUB00156,2026-08-01,2026-08-31,604.16,30.21,634.37,Open,False
INV000585,CUST0156,SUB00156,2026-09-01,2026-10-01,604.16,30.21,634.37,Void,True
INV000586,CUST0157,SUB00157,2026-03-04,2026-04-03,1474.94,73.75,1548.69,Open,False
INV000587,CUST0158,SUB00158,2025-08-01,2025-08-31,810.03,40.5,850.53,Paid,False
INV000588,CUST0158,SUB00158,2025-09-01,2025-10-01,810.03,40.5,850.53,Paid,False
INV000589,CUST0158,SUB00158,2025-10-01,2025-10-31,810.03,40.5,850.53,Void,True
INV000590,CUST0158,SUB00158,2025-11-01,2025-12-01,810.03,40.5,850.53,Void,True
INV000591,CUST0158,SUB00158,2025-12-01,2025-12-31,810.03,40.5,850.53,Open,False
INV000592,CUST0158,SUB00158,2026-01-01,2026-01-31,810.03,40.5,850.53,Paid,False
INV000593,CUST0158,SUB00158,2026-02-01,2026-03-03,810.03,40.5,850.53,Paid,False
INV000594,CUST0158,SUB00158,2026-03-01,2026-03-31,810.03,40.5,850.53,Paid,False
INV000595,CUST0158,SUB00158,2026-04-01,2026-05-01,810.03,40.5,850.53,Paid,False
INV000596,CUST0158,SUB00158,2026-05-01,2026-05-31,810.03,40.5,850.53,Paid,False
INV000597,CUST0158,SUB00158,2026-06-01,2026-07-01,810.03,40.5,850.53,Open,False
INV000598,CUST0159,SUB00159,2025-02-27,2025-03-29,1316.42,65.82,1382.24,Paid,False
INV000599,CUST0160,SUB00160,2024-06-01,2024-07-01,240.92,12.05,252.97,Paid,False
INV000600,CUST0160,SUB00160,2024-07-01,2024-07-31,240.92,12.05,252.97,Paid,False
INV000601,CUST0160,SUB00160,2024-08-01,2024-08-31,240.92,12.05,252.97,Open,False
INV000602,CUST0160,SUB00160,2024-09-01,2024-10-01,240.92,12.05,252.97,Open,False
INV000603,CUST0160,SUB00160,2024-10-01,2024-10-31,240.92,12.05,252.97,Unknown,False
INV000604,CUST0160,SUB00160,2024-11-01,2024-12-01,240.92,12.05,252.97,Paid,False
INV000605,CUST0160,SUB00160,2024-12-01,2024-12-31,240.92,12.05,252.97,Paid,False
INV000606,CUST0161,SUB00161,2024-08-01,2024-08-31,789.9,39.5,829.4,Paid,False
INV000607,CUST0161,SUB00161,2024-09-01,2024-10-01,789.9,39.5,829.4,Paid,False
INV000608,CUST0161,SUB00161,2024-10-01,2024-10-31,789.9,39.5,829.4,Paid,False
INV000609,CUST0161,SUB00161,2024-11-01,2024-12-01,789.9,39.5,829.4,Paid,False
INV000610,CUST0161,SUB00161,2024-12-01,2024-12-31,789.9,39.5,829.4,Void,True
INV000611,CUST0162,SUB00162,2025-09-29,2025-10-29,842.43,42.12,884.55,Open,False
INV000612,CUST0163,SUB00163,2026-01-01,2026-01-31,695.91,34.8,730.71,Open,False
INV000613,CUST0163,SUB00163,2026-02-01,2026-03-03,-695.91,-34.8,-730.71,Open,False
INV000614,CUST0163,SUB00163,2026-03-01,2026-03-31,695.91,34.8,730.71,Paid,False
INV000615,CUST0163,SUB00163,2026-04-01,2026-05-01,695.91,34.8,730.71,Paid,False
INV000616,CUST0163,SUB00163,2026-05-01,2026-05-31,695.91,34.8,730.71,Open,False
INV000617,CUST0163,SUB00163,2026-06-01,2026-07-01,695.91,34.8,730.71,Paid,False
INV000618,CUST0163,SUB00163,2026-07-01,2026-07-31,695.91,34.8,730.71,Overdue,False
INV000619,CUST0164,SUB00164,2024-11-01,2024-12-01,3965.47,198.27,4163.74,Paid,False
INV000620,CUST0164,SUB00164,2024-12-01,2024-12-31,3965.47,198.27,4163.74,Open,False
INV000621,CUST0164,SUB00164,2025-01-01,2025-01-31,3965.47,198.27,4163.74,Void,True
INV000622,CUST0164,SUB00164,2025-02-01,2025-03-03,3965.47,198.27,4163.74,Overdue,False
INV000623,CUST0164,SUB00164,2025-03-01,2025-03-31,3965.47,198.27,4163.74,Overdue,False
INV000624,CUST0164,SUB00164,2025-04-01,2025-05-01,3965.47,198.27,4163.74,Open,False
INV000625,CUST0164,SUB00164,2025-05-01,2025-05-31,-3965.47,-198.27,-4163.74,Paid,False
INV000626,CUST0165,SUB00165,2024-12-01,2024-12-31,842.65,42.13,884.78,Paid,False
INV000627,CUST0166,SUB00166,2025-09-01,2025-10-01,717.63,35.88,753.51,Paid,False
INV000628,CUST0166,SUB00166,2025-10-01,2025-10-31,717.63,35.88,753.51,Open,False
INV000629,CUST0166,SUB00166,2025-11-01,2025-12-01,717.63,35.88,753.51,Paid,False
INV000630,CUST0166,SUB00166,2025-12-01,2025-12-31,717.63,35.88,753.51,Paid,False
INV000631,CUST0166,SUB00166,2026-01-01,2026-01-31,717.63,35.88,753.51,Paid,False
INV000632,CUST0166,SUB00166,2026-02-01,2026-03-03,717.63,35.88,753.51,Paid,False
INV000633,CUST0166,SUB00166,2026-03-01,2026-03-31,717.63,35.88,753.51,Paid,False
INV000634,CUST0166,SUB00166,2026-04-01,2026-05-01,717.63,35.88,753.51,Paid,False
INV000635,CUST0166,SUB00166,2026-05-01,2026-05-31,717.63,35.88,753.51,Paid,False
INV000636,CUST0166,SUB00166,2026-06-01,2026-07-01,717.63,35.88,753.51,Open,False
INV000637,CUST0166,SUB00166,2026-07-01,2026-07-31,717.63,35.88,753.51,Paid,False
INV000638,CUST0166,SUB00166,2026-08-01,2026-08-31,717.63,35.88,753.51,Paid,False
INV000639,CUST0167,SUB00167,2025-11-01,2025-12-01,259.0,12.95,271.95,Paid,False
INV000640,CUST0167,SUB00167,2025-12-01,2025-12-31,259.0,12.95,271.95,Paid,False
INV000641,CUST0167,SUB00167,2026-01-01,2026-01-31,259.0,12.95,271.95,Paid,False
INV000642,CUST0167,SUB00167,2026-02-01,2026-03-03,259.0,12.95,271.95,Paid,False
INV000643,CUST0167,SUB00167,2026-03-01,2026-03-31,259.0,12.95,271.95,Paid,False
INV000644,CUST0167,SUB00167,2026-04-01,2026-05-01,259.0,12.95,271.95,Paid,False
INV000645,CUST0167,SUB00167,2026-05-01,2026-05-31,259.0,12.95,271.95,Paid,False
INV000646,CUST0167,SUB00167,2026-06-01,2026-07-01,259.0,12.95,271.95,Paid,False
INV000647,CUST0167,SUB00167,2026-07-01,2026-07-31,259.0,12.95,271.95,Open,False
INV000648,CUST0167,SUB00167,2026-08-01,2026-08-31,259.0,12.95,271.95,Open,False
INV000649,CUST0168,SUB00168,2023-11-01,2023-12-01,235.28,11.76,247.04,Paid,False
INV000650,CUST0168,SUB00168,2023-12-01,2023-12-31,235.28,11.76,247.04,Paid,False
INV000651,CUST0168,SUB00168,2024-01-01,2024-01-31,235.28,11.76,247.04,Paid,False
INV000652,CUST0168,SUB00168,2024-02-01,2024-03-02,235.28,11.76,247.04,Open,False
INV000653,CUST0168,SUB00168,2024-03-01,2024-03-31,-235.28,-11.76,-247.04,Paid,False
INV000654,CUST0168,SUB00168,2024-04-01,2024-05-01,235.28,11.76,247.04,Unknown,False
INV000655,CUST0168,SUB00168,2024-05-01,2024-05-31,235.28,11.76,247.04,Open,False
INV000656,CUST0168,SUB00168,2024-06-01,2024-07-01,235.28,11.76,247.04,Paid,False
INV000657,CUST0168,SUB00168,2024-07-01,2024-07-31,235.28,11.76,247.04,Paid,False
INV000658,CUST0168,SUB00168,2024-08-01,2024-08-31,235.28,11.76,247.04,Void,True
INV000659,CUST0168,SUB00168,2024-09-01,2024-10-01,235.28,11.76,247.04,Open,False
INV000660,CUST0168,SUB00168,2024-10-01,2024-10-31,235.28,11.76,247.04,Unknown,False
INV000661,CUST0168,SUB00168,2024-11-01,2024-12-01,235.28,11.76,247.04,Paid,False
INV000662,CUST0168,SUB00168,2024-12-01,2024-12-31,235.28,11.76,247.04,Paid,False
INV000663,CUST0169,SUB00169,2024-11-01,2024-12-01,703.99,35.2,739.19,Paid,False
INV000664,CUST0169,SUB00169,2024-12-01,2024-12-31,703.99,35.2,739.19,Paid,False
INV000665,CUST0170,SUB00170,2026-04-02,2026-05-02,-575.9,-28.8,-604.7,Open,False
INV000666,CUST0171,SUB00171,2025-05-25,2025-06-24,550.12,27.51,577.63,Paid,False
INV000667,CUST0172,SUB00172,2024-11-01,2024-12-01,1577.06,78.85,1655.91,Paid,False
INV000668,CUST0172,SUB00172,2024-12-01,2024-12-31,1577.06,78.85,1655.91,Paid,False
INV000669,CUST0172,SUB00172,2025-01-01,2025-01-31,1577.06,78.85,1655.91,Open,False
INV000670,CUST0172,SUB00172,2025-02-01,2025-03-03,1577.06,78.85,1655.91,Void,True
INV000671,CUST0172,SUB00172,2025-03-01,2025-03-31,1577.06,78.85,1655.91,Void,True
INV000672,CUST0172,SUB00172,2025-04-01,2025-05-01,1577.06,78.85,1655.91,Open,False
INV000673,CUST0172,SUB00172,2025-05-01,2025-05-31,-1577.06,-78.85,-1655.91,Paid,False
INV000674,CUST0172,SUB00172,2025-06-01,2025-07-01,1577.06,78.85,1655.91,Paid,False
INV000675,CUST0172,SUB00172,2025-07-01,2025-07-31,1577.06,78.85,1655.91,Void,True
INV000676,CUST0172,SUB00172,2025-08-01,2025-08-31,1577.06,78.85,1655.91,Paid,False
INV000677,CUST0173,SUB00173,2025-04-02,2025-05-02,1683.4,84.17,1767.57,Paid,False
INV000678,CUST0174,SUB00174,2025-05-01,2025-05-31,4352.02,217.6,4569.62,Open,False
INV000679,CUST0174,SUB00174,2025-06-01,2025-07-01,4352.02,217.6,4569.62,Paid,False
INV000680,CUST0174,SUB00174,2025-07-01,2025-07-31,4352.02,217.6,4569.62,Open,False
INV000681,CUST0174,SUB00174,2025-08-01,2025-08-31,4352.02,217.6,4569.62,Paid,False
INV000682,CUST0174,SUB00174,2025-09-01,2025-10-01,4352.02,217.6,4569.62,Paid,False
INV000683,CUST0174,SUB00174,2025-10-01,2025-10-31,4352.02,217.6,4569.62,Paid,False
INV000684,CUST0174,SUB00174,2025-11-01,2025-12-01,4352.02,217.6,4569.62,Paid,False
INV000685,CUST0174,SUB00174,2025-12-01,2025-12-31,4352.02,217.6,4569.62,Overdue,False
INV000686,CUST0174,SUB00174,2026-01-01,2026-01-31,4352.02,217.6,4569.62,Paid,False
INV000687,CUST0174,SUB00174,2026-02-01,2026-03-03,4352.02,217.6,4569.62,Paid,False
INV000688,CUST0174,SUB00174,2026-03-01,2026-03-31,4352.02,217.6,4569.62,Paid,False
INV000689,CUST0174,SUB00174,2026-04-01,2026-05-01,4352.02,217.6,4569.62,Paid,False
INV000690,CUST0174,SUB00174,2026-05-01,2026-05-31,4352.02,217.6,4569.62,Paid,False
INV000691,CUST0175,SUB00175,2024-12-01,2024-12-31,221.88,11.09,232.97,Open,False
INV000692,CUST0176,SUB00176,2025-03-14,2025-04-13,3706.78,185.34,3892.12,Void,True
INV000693,CUST0177,SUB00177,2024-12-01,2024-12-31,549.02,27.45,576.47,Open,False
INV000694,CUST0178,SUB00178,2024-08-01,2024-08-31,264.31,13.22,277.53,Overdue,False
INV000695,CUST0178,SUB00178,2024-09-01,2024-10-01,264.31,13.22,277.53,Void,True
INV000696,CUST0178,SUB00178,2024-10-01,2024-10-31,264.31,13.22,277.53,Void,True
INV000697,CUST0178,SUB00178,2024-11-01,2024-12-01,264.31,13.22,277.53,Overdue,False
INV000698,CUST0178,SUB00178,2024-12-01,2024-12-31,264.31,13.22,277.53,Paid,False
INV000699,CUST0179,SUB00179,2024-06-01,2024-07-01,796.39,39.82,836.21,Open,False
INV000700,CUST0179,SUB00179,2024-07-01,2024-07-31,796.39,39.82,836.21,Paid,False
INV000701,CUST0179,SUB00179,2024-08-01,2024-08-31,796.39,39.82,836.21,Paid,False
INV000702,CUST0179,SUB00179,2024-09-01,2024-10-01,-796.39,-39.82,-836.21,Paid,False
INV000703,CUST0179,SUB00179,2024-10-01,2024-10-31,-796.39,-39.82,-836.21,Open,False
INV000704,CUST0179,SUB00179,2024-11-01,2024-12-01,796.39,39.82,836.21,Paid,False
INV000705,CUST0179,SUB00179,2024-12-01,2024-12-31,796.39,39.82,836.21,Paid,False
INV000706,CUST0180,SUB00180,2026-03-05,2026-04-04,822.24,41.11,863.35,Void,True
INV000707,CUST0181,SUB00181,2025-10-22,2025-11-21,798.74,39.94,838.68,Open,False
INV000708,CUST0182,SUB00182,2024-09-01,2024-10-01,598.2,29.91,628.11,Paid,False
INV000709,CUST0182,SUB00182,2024-10-01,2024-10-31,598.2,29.91,628.11,Open,False
INV000710,CUST0182,SUB00182,2024-11-01,2024-12-01,598.2,29.91,628.11,Paid,False
INV000711,CUST0182,SUB00182,2024-12-01,2024-12-31,598.2,29.91,628.11,Paid,False
INV000712,CUST0183,SUB00183,2025-03-02,2025-04-01,256.12,12.81,268.93,Paid,False
INV000713,CUST0184,SUB00184,2024-10-01,2024-10-31,1507.7,75.39,1583.09,Open,False
INV000714,CUST0184,SUB00184,2024-11-01,2024-12-01,1507.7,75.39,1583.09,Paid,False
INV000715,CUST0184,SUB00184,2024-12-01,2024-12-31,1507.7,75.39,1583.09,Open,False
INV000716,CUST0185,SUB00185,2025-05-01,2025-05-31,1089.87,54.49,1144.36,Paid,False
INV000717,CUST0185,SUB00185,2025-06-01,2025-07-01,1089.87,54.49,1144.36,Void,True
INV000718,CUST0185,SUB00185,2025-07-01,2025-07-31,1089.87,54.49,1144.36,Unknown,False
INV000719,CUST0185,SUB00185,2025-08-01,2025-08-31,1089.87,54.49,1144.36,Paid,False
INV000720,CUST0185,SUB00185,2025-09-01,2025-10-01,1089.87,54.49,1144.36,Paid,False
INV000721,CUST0186,SUB00186,2026-04-01,2026-05-01,258.26,12.91,271.17,Void,True
INV000722,CUST0187,SUB00187,2025-06-28,2025-07-28,662.74,33.14,695.88,Paid,False
INV000723,CUST0188,SUB00188,2026-04-01,2026-05-01,631.99,31.6,663.59,Paid,False
INV000724,CUST0188,SUB00188,2026-05-01,2026-05-31,631.99,31.6,663.59,Paid,False
INV000725,CUST0188,SUB00188,2026-06-01,2026-07-01,631.99,31.6,663.59,Paid,False
INV000726,CUST0188,SUB00188,2026-07-01,2026-07-31,631.99,31.6,663.59,Paid,False
INV000727,CUST0188,SUB00188,2026-08-01,2026-08-31,631.99,31.6,663.59,Overdue,False
INV000728,CUST0188,SUB00188,2026-09-01,2026-10-01,-631.99,-31.6,-663.59,Open,False
INV000729,CUST0188,SUB00188,2026-10-01,2026-10-31,631.99,31.6,663.59,Unknown,False
INV000730,CUST0188,SUB00188,2026-11-01,2026-12-01,631.99,31.6,663.59,Paid,False
INV000731,CUST0189,SUB00189,2024-12-01,2024-12-31,691.94,34.6,726.54,Paid,False
INV000732,CUST0190,SUB00190,2024-05-01,2024-05-31,1762.02,88.1,1850.12,Unknown,False
INV000733,CUST0190,SUB00190,2024-06-01,2024-07-01,1762.02,88.1,1850.12,Overdue,False
INV000734,CUST0190,SUB00190,2024-07-01,2024-07-31,1762.02,88.1,1850.12,Open,False
INV000735,CUST0190,SUB00190,2024-08-01,2024-08-31,1762.02,88.1,1850.12,Paid,False
INV000736,CUST0190,SUB00190,2024-09-01,2024-10-01,1762.02,88.1,1850.12,Overdue,False
INV000737,CUST0190,SUB00190,2024-10-01,2024-10-31,1762.02,88.1,1850.12,Paid,False
INV000738,CUST0190,SUB00190,2024-11-01,2024-12-01,1762.02,88.1,1850.12,Paid,False
INV000739,CUST0190,SUB00190,2024-12-01,2024-12-31,1762.02,88.1,1850.12,Paid,False
INV000740,CUST0191,SUB00191,2025-04-26,2025-05-26,1449.03,72.45,1521.48,Paid,False
INV000741,CUST0192,SUB00192,2024-12-01,2024-12-31,288.59,14.43,303.02,Open,False
INV000742,CUST0193,SUB00193,2024-09-01,2024-10-01,805.5,40.28,845.78,Open,False
INV000743,CUST0193,SUB00193,2024-10-01,2024-10-31,805.5,40.28,845.78,Paid,False
INV000744,CUST0193,SUB00193,2024-11-01,2024-12-01,805.5,40.28,845.78,Paid,False
INV000745,CUST0193,SUB00193,2024-12-01,2024-12-31,805.5,40.28,845.78,Paid,False
INV000746,CUST0193,SUB00193,2025-01-01,2025-01-31,-805.5,-40.28,-845.78,Paid,False
INV000747,CUST0193,SUB00193,2025-02-01,2025-03-03,805.5,40.28,845.78,Void,True
INV000748,CUST0193,SUB00193,2025-03-01,2025-03-31,805.5,40.28,845.78,Overdue,False
INV000749,CUST0193,SUB00193,2025-04-01,2025-05-01,805.5,40.28,845.78,Paid,False
INV000750,CUST0193,SUB00193,2025-05-01,2025-05-31,805.5,40.28,845.78,Paid,False
INV000751,CUST0193,SUB00193,2025-06-01,2025-07-01,-805.5,-40.28,-845.78,Paid,False
INV000752,CUST0193,SUB00193,2025-07-01,2025-07-31,805.5,40.28,845.78,Paid,False
INV000753,CUST0193,SUB00193,2025-08-01,2025-08-31,805.5,40.28,845.78,Paid,False
INV000754,CUST0193,SUB00193,2025-09-01,2025-10-01,805.5,40.28,845.78,Open,False
INV000755,CUST0193,SUB00193,2025-10-01,2025-10-31,805.5,40.28,845.78,Open,False
INV000756,CUST0193,SUB00193,2025-11-01,2025-12-01,805.5,40.28,845.78,Open,False
INV000757,CUST0193,SUB00193,2025-12-01,2025-12-31,805.5,40.28,845.78,Open,False
INV000758,CUST0194,SUB00194,2026-03-26,2026-04-25,229.56,11.48,241.04,Unknown,False
INV000759,CUST0195,SUB00195,2024-12-01,2024-12-31,4177.73,208.89,4386.62,Paid,False
INV000760,CUST0196,SUB00196,2023-09-01,2023-10-01,699.44,34.97,734.41,Open,False
INV000761,CUST0196,SUB00196,2023-10-01,2023-10-31,699.44,34.97,734.41,Paid,False
INV000762,CUST0196,SUB00196,2023-11-01,2023-12-01,-699.44,-34.97,-734.41,Paid,False
INV000763,CUST0196,SUB00196,2023-12-01,2023-12-31,699.44,34.97,734.41,Void,True
INV000764,CUST0196,SUB00196,2024-01-01,2024-01-31,699.44,34.97,734.41,Paid,False
INV000765,CUST0196,SUB00196,2024-02-01,2024-03-02,699.44,34.97,734.41,Paid,False
INV000766,CUST0196,SUB00196,2024-03-01,2024-03-31,699.44,34.97,734.41,Open,False
INV000767,CUST0196,SUB00196,2024-04-01,2024-05-01,699.44,34.97,734.41,Open,False
INV000768,CUST0196,SUB00196,2024-05-01,2024-05-31,699.44,34.97,734.41,Void,True
INV000769,CUST0196,SUB00196,2024-06-01,2024-07-01,-699.44,-34.97,-734.41,Open,False
INV000770,CUST0196,SUB00196,2024-07-01,2024-07-31,699.44,34.97,734.41,Open,False
INV000771,CUST0196,SUB00196,2024-08-01,2024-08-31,699.44,34.97,734.41,Open,False
INV000772,CUST0196,SUB00196,2024-09-01,2024-10-01,699.44,34.97,734.41,Paid,False
INV000773,CUST0196,SUB00196,2024-10-01,2024-10-31,699.44,34.97,734.41,Open,False
INV000774,CUST0196,SUB00196,2024-11-01,2024-12-01,699.44,34.97,734.41,Paid,False
INV000775,CUST0196,SUB00196,2024-12-01,2024-12-31,699.44,34.97,734.41,Void,True
INV000776,CUST0196,SUB00196,2025-01-01,2025-01-31,699.44,34.97,734.41,Open,False
INV000777,CUST0196,SUB00196,2025-02-01,2025-03-03,699.44,34.97,734.41,Void,True
INV000778,CUST0197,SUB00197,2025-06-17,2025-07-17,555.52,27.78,583.3,Paid,False
INV000779,CUST0198,SUB00198,2025-10-19,2025-11-18,1152.24,57.61,1209.85,Paid,False
INV000780,CUST0199,SUB00199,2025-01-10,2025-02-09,-3781.85,-189.09,-3970.94,Open,False
INV000781,CUST0200,SUB00200,2024-12-01,2024-12-31,-3881.54,-194.08,-4075.62,Paid,False
INV000782,CUST0201,SUB00201,2023-12-01,2023-12-31,1315.06,65.75,1380.81,Unknown,False
INV000783,CUST0201,SUB00201,2024-01-01,2024-01-31,1315.06,65.75,1380.81,Paid,False
INV000784,CUST0201,SUB00201,2024-02-01,2024-03-02,1315.06,65.75,1380.81,Paid,False
INV000785,CUST0201,SUB00201,2024-03-01,2024-03-31,1315.06,65.75,1380.81,Open,False
INV000786,CUST0201,SUB00201,2024-04-01,2024-05-01,1315.06,65.75,1380.81,Paid,False
INV000787,CUST0201,SUB00201,2024-05-01,2024-05-31,1315.06,65.75,1380.81,Open,False
INV000788,CUST0201,SUB00201,2024-06-01,2024-07-01,1315.06,65.75,1380.81,Paid,False
INV000789,CUST0201,SUB00201,2024-07-01,2024-07-31,1315.06,65.75,1380.81,Open,False
INV000790,CUST0201,SUB00201,2024-08-01,2024-08-31,1315.06,65.75,1380.81,Paid,False
INV000791,CUST0201,SUB00201,2024-09-01,2024-10-01,1315.06,65.75,1380.81,Paid,False
INV000792,CUST0201,SUB00201,2024-10-01,2024-10-31,1315.06,65.75,1380.81,Open,False
INV000793,CUST0201,SUB00201,2024-11-01,2024-12-01,1315.06,65.75,1380.81,Paid,False
INV000794,CUST0201,SUB00201,2024-12-01,2024-12-31,1315.06,65.75,1380.81,Overdue,False
INV000795,CUST0202,SUB00202,2025-02-04,2025-03-06,250.22,12.51,262.73,Overdue,False
INV000796,CUST0203,SUB00203,2026-03-02,2026-04-01,215.91,10.8,226.71,Void,True
INV000797,CUST0204,SUB00204,2025-02-08,2025-03-10,193.14,9.66,202.8,Paid,False
INV000798,CUST0205,SUB00205,2025-09-13,2025-10-13,637.49,31.87,669.36,Paid,False
INV000799,CUST0206,SUB00206,2025-08-01,2025-08-31,305.9,15.29,321.19,Open,False
INV000800,CUST0206,SUB00206,2025-09-01,2025-10-01,305.9,15.29,321.19,Open,False
INV000801,CUST0206,SUB00206,2025-10-01,2025-10-31,305.9,15.29,321.19,Paid,False
INV000802,CUST0206,SUB00206,2025-11-01,2025-12-01,305.9,15.29,321.19,Void,True
INV000803,CUST0206,SUB00206,2025-12-01,2025-12-31,305.9,15.29,321.19,Paid,False
INV000804,CUST0206,SUB00206,2026-01-01,2026-01-31,305.9,15.29,321.19,Paid,False
INV000805,CUST0206,SUB00206,2026-02-01,2026-03-03,305.9,15.29,321.19,Paid,False
INV000806,CUST0206,SUB00206,2026-03-01,2026-03-31,305.9,15.29,321.19,Open,False
INV000807,CUST0206,SUB00206,2026-04-01,2026-05-01,305.9,15.29,321.19,Open,False
INV000808,CUST0206,SUB00206,2026-05-01,2026-05-31,305.9,15.29,321.19,Overdue,False
INV000809,CUST0206,SUB00206,2026-06-01,2026-07-01,305.9,15.29,321.19,Overdue,False
INV000810,CUST0206,SUB00206,2026-07-01,2026-07-31,305.9,15.29,321.19,Paid,False
INV000811,CUST0206,SUB00206,2026-08-01,2026-08-31,305.9,15.29,321.19,Paid,False
INV000812,CUST0206,SUB00206,2026-09-01,2026-10-01,305.9,15.29,321.19,Overdue,False
INV000813,CUST0207,SUB00207,2025-02-28,2025-03-30,-255.81,-12.79,-268.6,Paid,False
INV000814,CUST0208,SUB00208,2023-10-01,2023-10-31,618.3,30.91,649.21,Overdue,False
INV000815,CUST0208,SUB00208,2023-11-01,2023-12-01,618.3,30.91,649.21,Void,True
INV000816,CUST0208,SUB00208,2023-12-01,2023-12-31,618.3,30.91,649.21,Paid,False
INV000817,CUST0208,SUB00208,2024-01-01,2024-01-31,618.3,30.91,649.21,Paid,False
INV000818,CUST0208,SUB00208,2024-02-01,2024-03-02,618.3,30.91,649.21,Paid,False
INV000819,CUST0208,SUB00208,2024-03-01,2024-03-31,618.3,30.91,649.21,Overdue,False
INV000820,CUST0208,SUB00208,2024-04-01,2024-05-01,618.3,30.91,649.21,Open,False
INV000821,CUST0208,SUB00208,2024-05-01,2024-05-31,618.3,30.91,649.21,Paid,False
INV000822,CUST0208,SUB00208,2024-06-01,2024-07-01,618.3,30.91,649.21,Overdue,False
INV000823,CUST0208,SUB00208,2024-07-01,2024-07-31,618.3,30.91,649.21,Paid,False
INV000824,CUST0208,SUB00208,2024-08-01,2024-08-31,618.3,30.91,649.21,Paid,False
INV000825,CUST0208,SUB00208,2024-09-01,2024-10-01,618.3,30.91,649.21,Open,False
INV000826,CUST0208,SUB00208,2024-10-01,2024-10-31,618.3,30.91,649.21,Paid,False
INV000827,CUST0208,SUB00208,2024-11-01,2024-12-01,618.3,30.91,649.21,Unknown,False
INV000828,CUST0208,SUB00208,2024-12-01,2024-12-31,618.3,30.91,649.21,Paid,False
INV000829,CUST0209,SUB00209,2025-12-27,2026-01-26,234.57,11.73,246.3,Paid,False
INV000830,CUST0210,SUB00210,2024-06-01,2024-07-01,253.55,12.68,266.23,Paid,False
INV000831,CUST0210,SUB00210,2024-07-01,2024-07-31,253.55,12.68,266.23,Unknown,False
INV000832,CUST0210,SUB00210,2024-08-01,2024-08-31,253.55,12.68,266.23,Paid,False
INV000833,CUST0210,SUB00210,2024-09-01,2024-10-01,253.55,12.68,266.23,Open,False
INV000834,CUST0210,SUB00210,2024-10-01,2024-10-31,253.55,12.68,266.23,Open,False
INV000835,CUST0210,SUB00210,2024-11-01,2024-12-01,253.55,12.68,266.23,Paid,False
INV000836,CUST0210,SUB00210,2024-12-01,2024-12-31,253.55,12.68,266.23,Unknown,False
INV000837,CUST0211,SUB00211,2024-11-24,2024-12-24,597.67,29.88,627.55,Open,False
INV000838,CUST0212,SUB00212,2024-07-01,2024-07-31,1551.21,77.56,1628.77,Overdue,False
INV000839,CUST0212,SUB00212,2024-08-01,2024-08-31,1551.21,77.56,1628.77,Paid,False
INV000840,CUST0212,SUB00212,2024-09-01,2024-10-01,1551.21,77.56,1628.77,Overdue,False
INV000841,CUST0212,SUB00212,2024-10-01,2024-10-31,1551.21,77.56,1628.77,Paid,False
INV000842,CUST0212,SUB00212,2024-11-01,2024-12-01,1551.21,77.56,1628.77,Open,False
INV000843,CUST0212,SUB00212,2024-12-01,2024-12-31,1551.21,77.56,1628.77,Open,False
INV000844,CUST0213,SUB00213,2024-11-01,2024-12-01,231.27,11.56,242.83,Void,True
INV000845,CUST0213,SUB00213,2024-12-01,2024-12-31,231.27,11.56,242.83,Paid,False
INV000846,CUST0214,SUB00214,2024-09-01,2024-10-01,608.64,30.43,639.07,Paid,False
INV000847,CUST0214,SUB00214,2024-10-01,2024-10-31,608.64,30.43,639.07,Open,False
INV000848,CUST0214,SUB00214,2024-11-01,2024-12-01,608.64,30.43,639.07,Unknown,False
INV000849,CUST0214,SUB00214,2024-12-01,2024-12-31,608.64,30.43,639.07,Paid,False
INV000850,CUST0215,SUB00215,2025-01-10,2025-02-09,563.18,28.16,591.34,Open,False
INV000851,CUST0216,SUB00216,2025-02-12,2025-03-14,219.11,10.96,230.07,Open,False
INV000852,CUST0217,SUB00217,2024-07-01,2024-07-31,240.89,12.04,252.93,Void,True
INV000853,CUST0217,SUB00217,2024-08-01,2024-08-31,240.89,12.04,252.93,Open,False
INV000854,CUST0217,SUB00217,2024-09-01,2024-10-01,240.89,12.04,252.93,Void,True
INV000855,CUST0217,SUB00217,2024-10-01,2024-10-31,240.89,12.04,252.93,Overdue,False
INV000856,CUST0217,SUB00217,2024-11-01,2024-12-01,240.89,12.04,252.93,Paid,False
INV000857,CUST0217,SUB00217,2024-12-01,2024-12-31,240.89,12.04,252.93,Paid,False
INV000858,CUST0218,SUB00218,2025-07-06,2025-08-05,226.46,11.32,237.78,Paid,False
INV000859,CUST0219,SUB00219,2025-05-01,2025-05-31,1409.15,70.46,1479.61,Paid,False
INV000860,CUST0219,SUB00219,2025-06-01,2025-07-01,-1409.15,-70.46,-1479.61,Open,False
INV000861,CUST0219,SUB00219,2025-07-01,2025-07-31,1409.15,70.46,1479.61,Paid,False
INV000862,CUST0219,SUB00219,2025-08-01,2025-08-31,-1409.15,-70.46,-1479.61,Overdue,False
INV000863,CUST0219,SUB00219,2025-09-01,2025-10-01,1409.15,70.46,1479.61,Paid,False
INV000864,CUST0219,SUB00219,2025-10-01,2025-10-31,1409.15,70.46,1479.61,Open,False
INV000865,CUST0219,SUB00219,2025-11-01,2025-12-01,1409.15,70.46,1479.61,Open,False
INV000866,CUST0219,SUB00219,2025-12-01,2025-12-31,1409.15,70.46,1479.61,Paid,False
INV000867,CUST0219,SUB00219,2026-01-01,2026-01-31,1409.15,70.46,1479.61,Paid,False
INV000868,CUST0219,SUB00219,2026-02-01,2026-03-03,1409.15,70.46,1479.61,Open,False
INV000869,CUST0219,SUB00219,2026-03-01,2026-03-31,1409.15,70.46,1479.61,Paid,False
INV000870,CUST0219,SUB00219,2026-04-01,2026-05-01,1409.15,70.46,1479.61,Void,True
INV000871,CUST0219,SUB00219,2026-05-01,2026-05-31,1409.15,70.46,1479.61,Paid,False
INV000872,CUST0220,SUB00220,2025-12-21,2026-01-20,509.13,25.46,534.59,Open,False
INV000873,CUST0221,SUB00221,2024-09-01,2024-10-01,1275.33,63.77,1339.1,Unknown,False
INV000874,CUST0221,SUB00221,2024-10-01,2024-10-31,1275.33,63.77,1339.1,Paid,False
INV000875,CUST0221,SUB00221,2024-11-01,2024-12-01,1275.33,63.77,1339.1,Open,False
INV000876,CUST0221,SUB00221,2024-12-01,2024-12-31,1275.33,63.77,1339.1,Void,True
INV000877,CUST0222,SUB00222,2026-03-01,2026-03-31,3575.44,178.77,3754.21,Overdue,False
INV000878,CUST0222,SUB00222,2026-04-01,2026-05-01,3575.44,178.77,3754.21,Paid,False
INV000879,CUST0222,SUB00222,2026-05-01,2026-05-31,3575.44,178.77,3754.21,Paid,False
INV000880,CUST0222,SUB00222,2026-06-01,2026-07-01,3575.44,178.77,3754.21,Overdue,False
INV000881,CUST0222,SUB00222,2026-07-01,2026-07-31,3575.44,178.77,3754.21,Paid,False
INV000882,CUST0222,SUB00222,2026-08-01,2026-08-31,3575.44,178.77,3754.21,Paid,False
INV000883,CUST0222,SUB00222,2026-09-01,2026-10-01,3575.44,178.77,3754.21,Overdue,False
INV000884,CUST0222,SUB00222,2026-10-01,2026-10-31,3575.44,178.77,3754.21,Paid,False
INV000885,CUST0222,SUB00222,2026-11-01,2026-12-01,3575.44,178.77,3754.21,Paid,False
INV000886,CUST0222,SUB00222,2026-12-01,2026-12-31,3575.44,178.77,3754.21,Unknown,False
INV000887,CUST0222,SUB00222,2027-01-01,2027-01-31,3575.44,178.77,3754.21,Paid,False
INV000888,CUST0222,SUB00222,2027-02-01,2027-03-03,3575.44,178.77,3754.21,Paid,False
INV000889,CUST0222,SUB00222,2027-03-01,2027-03-31,3575.44,178.77,3754.21,Paid,False
INV000890,CUST0222,SUB00222,2027-04-01,2027-05-01,3575.44,178.77,3754.21,Paid,False
INV000891,CUST0222,SUB00222,2027-05-01,2027-05-31,3575.44,178.77,3754.21,Open,False
INV000892,CUST0222,SUB00222,2027-06-01,2027-07-01,3575.44,178.77,3754.21,Paid,False
INV000893,CUST0222,SUB00222,2027-07-01,2027-07-31,3575.44,178.77,3754.21,Open,False
INV000894,CUST0222,SUB00222,2027-08-01,2027-08-31,3575.44,178.77,3754.21,Open,False
INV000895,CUST0223,SUB00223,2024-09-01,2024-10-01,-286.97,-14.35,-301.32,Paid,False
INV000896,CUST0223,SUB00223,2024-10-01,2024-10-31,-286.97,-14.35,-301.32,Paid,False
INV000897,CUST0223,SUB00223,2024-11-01,2024-12-01,-286.97,-14.35,-301.32,Paid,False
INV000898,CUST0223,SUB00223,2024-12-01,2024-12-31,-286.97,-14.35,-301.32,Paid,False
INV000899,CUST0224,SUB00224,2024-07-23,2024-08-22,821.79,41.09,862.88,Paid,False
INV000900,CUST0225,SUB00225,2024-07-01,2024-07-31,3451.14,172.56,3623.7,Void,True
INV000901,CUST0225,SUB00225,2024-08-01,2024-08-31,3451.14,172.56,3623.7,Paid,False
INV000902,CUST0225,SUB00225,2024-09-01,2024-10-01,3451.14,172.56,3623.7,Paid,False
INV000903,CUST0225,SUB00225,2024-10-01,2024-10-31,3451.14,172.56,3623.7,Paid,False
INV000904,CUST0225,SUB00225,2024-11-01,2024-12-01,3451.14,172.56,3623.7,Unknown,False
INV000905,CUST0225,SUB00225,2024-12-01,2024-12-31,3451.14,172.56,3623.7,Open,False
INV000906,CUST0226,SUB00226,2026-01-17,2026-02-16,3820.93,191.05,4011.98,Paid,False
INV000907,CUST0227,SUB00227,2025-12-12,2026-01-11,631.12,31.56,662.68,Paid,False
INV000908,CUST0228,SUB00228,2025-11-07,2025-12-07,669.7,33.49,703.19,Paid,False
INV000909,CUST0229,SUB00229,2026-02-20,2026-03-22,1569.61,78.48,1648.09,Paid,False
INV000910,CUST0230,SUB00230,2025-05-14,2025-06-13,276.6,13.83,290.43,Open,False
INV000911,CUST0231,SUB00231,2025-11-13,2025-12-13,3502.55,175.13,3677.68,Open,False
INV000912,CUST0232,SUB00232,2024-10-01,2024-10-31,681.71,34.09,715.8,Paid,False
INV000913,CUST0232,SUB00232,2024-11-01,2024-12-01,681.71,34.09,715.8,Unknown,False
INV000914,CUST0232,SUB00232,2024-12-01,2024-12-31,681.71,34.09,715.8,Paid,False
INV000915,CUST0233,SUB00233,2024-10-01,2024-10-31,4271.68,213.58,4485.26,Open,False
INV000916,CUST0233,SUB00233,2024-11-01,2024-12-01,4271.68,213.58,4485.26,Overdue,False
INV000917,CUST0233,SUB00233,2024-12-01,2024-12-31,4271.68,213.58,4485.26,Paid,False
INV000918,CUST0234,SUB00234,2024-12-01,2024-12-31,626.93,31.35,658.28,Paid,False
INV000919,CUST0235,SUB00235,2025-03-27,2025-04-26,649.54,32.48,682.02,Paid,False
INV000920,CUST0236,SUB00236,2024-10-01,2024-10-31,1246.25,62.31,1308.56,Paid,False
INV000921,CUST0236,SUB00236,2024-11-01,2024-12-01,1246.25,62.31,1308.56,Paid,False
INV000922,CUST0236,SUB00236,2024-12-01,2024-12-31,1246.25,62.31,1308.56,Paid,False
INV000923,CUST0237,SUB00237,2025-12-16,2026-01-15,728.6,36.43,765.03,Paid,False
INV000924,CUST0238,SUB00238,2026-02-01,2026-03-03,2961.5,148.08,3109.58,Paid,False
INV000925,CUST0238,SUB00238,2026-03-01,2026-03-31,2961.5,148.08,3109.58,Paid,False
INV000926,CUST0238,SUB00238,2026-04-01,2026-05-01,2961.5,148.08,3109.58,Paid,False
INV000927,CUST0238,SUB00238,2026-05-01,2026-05-31,2961.5,148.08,3109.58,Paid,False
INV000928,CUST0238,SUB00238,2026-06-01,2026-07-01,2961.5,148.08,3109.58,Open,False
INV000929,CUST0238,SUB00238,2026-07-01,2026-07-31,2961.5,148.08,3109.58,Paid,False
INV000930,CUST0238,SUB00238,2026-08-01,2026-08-31,2961.5,148.08,3109.58,Open,False
INV000931,CUST0238,SUB00238,2026-09-01,2026-10-01,2961.5,148.08,3109.58,Paid,False
INV000932,CUST0238,SUB00238,2026-10-01,2026-10-31,2961.5,148.08,3109.58,Paid,False
INV000933,CUST0238,SUB00238,2026-11-01,2026-12-01,2961.5,148.08,3109.58,Open,False
INV000934,CUST0239,SUB00239,2025-10-29,2025-11-28,3626.27,181.31,3807.58,Open,False
INV000935,CUST0240,SUB00240,2024-09-01,2024-10-01,660.2,33.01,693.21,Unknown,False
INV000936,CUST0240,SUB00240,2024-10-01,2024-10-31,660.2,33.01,693.21,Paid,False
INV000937,CUST0240,SUB00240,2024-11-01,2024-12-01,660.2,33.01,693.21,Paid,False
INV000938,CUST0240,SUB00240,2024-12-01,2024-12-31,660.2,33.01,693.21,Paid,False
INV000939,CUST0241,SUB00241,2025-12-07,2026-01-06,214.32,10.72,225.04,Overdue,False
INV000940,CUST0242,SUB00242,2025-09-28,2025-10-28,647.98,32.4,680.38,Paid,False
INV000941,CUST0243,SUB00243,2025-06-16,2025-07-16,237.68,11.88,249.56,Overdue,False
INV000942,CUST0244,SUB00244,2026-03-01,2026-03-31,1351.99,67.6,1419.59,Void,True
INV000943,CUST0245,SUB00245,2026-03-14,2026-04-13,1148.23,57.41,1205.64,Paid,False
INV000944,CUST0246,SUB00246,2024-08-01,2024-08-31,217.43,10.87,228.3,Paid,False
INV000945,CUST0246,SUB00246,2024-09-01,2024-10-01,217.43,10.87,228.3,Paid,False
INV000946,CUST0246,SUB00246,2024-10-01,2024-10-31,217.43,10.87,228.3,Overdue,False
INV000947,CUST0246,SUB00246,2024-11-01,2024-12-01,217.43,10.87,228.3,Paid,False
INV000948,CUST0246,SUB00246,2024-12-01,2024-12-31,217.43,10.87,228.3,Paid,False
INV000949,CUST0247,SUB00247,2025-11-01,2025-12-01,577.68,28.88,606.56,Void,True
INV000950,CUST0247,SUB00247,2025-12-01,2025-12-31,577.68,28.88,606.56,Unknown,False
INV000951,CUST0247,SUB00247,2026-01-01,2026-01-31,577.68,28.88,606.56,Paid,False
INV000952,CUST0247,SUB00247,2026-02-01,2026-03-03,577.68,28.88,606.56,Overdue,False
INV000953,CUST0247,SUB00247,2026-03-01,2026-03-31,577.68,28.88,606.56,Void,True
INV000954,CUST0247,SUB00247,2026-04-01,2026-05-01,577.68,28.88,606.56,Open,False
INV000955,CUST0247,SUB00247,2026-05-01,2026-05-31,577.68,28.88,606.56,Void,True
INV000956,CUST0247,SUB00247,2026-06-01,2026-07-01,577.68,28.88,606.56,Open,False
INV000957,CUST0247,SUB00247,2026-07-01,2026-07-31,577.68,28.88,606.56,Paid,False
INV000958,CUST0247,SUB00247,2026-08-01,2026-08-31,577.68,28.88,606.56,Paid,False
INV000959,CUST0247,SUB00247,2026-09-01,2026-10-01,577.68,28.88,606.56,Open,False
INV000960,CUST0247,SUB00247,2026-10-01,2026-10-31,577.68,28.88,606.56,Void,True
INV000961,CUST0247,SUB00247,2026-11-01,2026-12-01,577.68,28.88,606.56,Paid,False
INV000962,CUST0247,SUB00247,2026-12-01,2026-12-31,577.68,28.88,606.56,Unknown,False
INV000963,CUST0247,SUB00247,2027-01-01,2027-01-31,577.68,28.88,606.56,Paid,False
INV000964,CUST0248,SUB00248,2024-09-01,2024-10-01,1442.48,72.12,1514.6,Paid,False
INV000965,CUST0248,SUB00248,2024-10-01,2024-10-31,1442.48,72.12,1514.6,Open,False
INV000966,CUST0248,SUB00248,2024-11-01,2024-12-01,1442.48,72.12,1514.6,Open,False
INV000967,CUST0248,SUB00248,2024-12-01,2024-12-31,1442.48,72.12,1514.6,Paid,False
INV000968,CUST0249,SUB00249,2024-12-01,2024-12-31,613.28,30.66,643.94,Unknown,False
INV000969,CUST0250,SUB00250,2025-08-09,2025-09-08,287.68,14.38,302.06,Paid,False
INV000970,CUST0251,SUB00251,2026-01-21,2026-02-20,724.81,36.24,761.05,Open,False
INV000971,CUST0252,SUB00252,2025-01-11,2025-02-10,310.6,15.53,326.13,Open,False
INV000972,CUST0253,SUB00253,2025-07-26,2025-08-25,225.03,11.25,236.28,Paid,False
INV000973,CUST0254,SUB00254,2025-12-07,2026-01-06,838.42,41.92,880.34,Open,False
INV000974,CUST0256,SUB00256,2025-06-10,2025-07-10,1488.72,74.44,1563.16,Paid,False
INV000975,CUST0257,SUB00257,2025-01-07,2025-02-06,517.27,25.86,543.13,Overdue,False
INV000976,CUST0258,SUB00258,2025-12-30,2026-01-29,1439.84,71.99,1511.83,Paid,False
INV000977,CUST0259,SUB00259,2024-12-01,2024-12-31,1720.01,86.0,1806.01,Paid,False
INV000978,CUST0260,SUB00260,2025-09-20,2025-10-20,274.47,13.72,288.19,Open,False
INV000979,CUST0261,SUB00261,2025-05-22,2025-06-21,553.34,27.67,581.01,Paid,False
INV000980,CUST0262,SUB00262,2025-12-12,2026-01-11,231.72,11.59,243.31,Paid,False
INV000981,CUST0263,SUB00263,2024-10-01,2024-10-31,692.05,34.6,726.65,Paid,False
INV000982,CUST0263,SUB00263,2024-11-01,2024-12-01,-692.05,-34.6,-726.65,Paid,False
INV000983,CUST0263,SUB00263,2024-12-01,2024-12-31,692.05,34.6,726.65,Overdue,False
INV000984,CUST0264,SUB00264,2026-04-06,2026-05-06,636.05,31.8,667.85,Void,True
INV000985,CUST0265,SUB00265,2024-11-01,2024-12-01,4858.61,242.93,5101.54,Open,False
INV000986,CUST0265,SUB00265,2024-12-01,2024-12-31,4858.61,242.93,5101.54,Open,False
INV000987,CUST0266,SUB00266,2025-06-20,2025-07-20,1426.39,71.32,1497.71,Paid,False
INV000988,CUST0267,SUB00267,2024-11-01,2024-12-01,624.59,31.23,655.82,Paid,False
INV000989,CUST0267,SUB00267,2024-12-01,2024-12-31,624.59,31.23,655.82,Paid,False
INV000990,CUST0268,SUB00268,2024-05-01,2024-05-31,1264.27,63.21,1327.48,Open,False
INV000991,CUST0268,SUB00268,2024-06-01,2024-07-01,1264.27,63.21,1327.48,Open,False
INV000992,CUST0268,SUB00268,2024-07-01,2024-07-31,1264.27,63.21,1327.48,Void,True
INV000993,CUST0268,SUB00268,2024-08-01,2024-08-31,1264.27,63.21,1327.48,Paid,False
INV000994,CUST0268,SUB00268,2024-09-01,2024-10-01,1264.27,63.21,1327.48,Paid,False
INV000995,CUST0268,SUB00268,2024-10-01,2024-10-31,1264.27,63.21,1327.48,Paid,False
INV000996,CUST0268,SUB00268,2024-11-01,2024-12-01,1264.27,63.21,1327.48,Open,False
INV000997,CUST0268,SUB00268,2024-12-01,2024-12-31,1264.27,63.21,1327.48,Paid,False
INV000998,CUST0268,SUB00268,2025-01-01,2025-01-31,1264.27,63.21,1327.48,Paid,False
INV000999,CUST0268,SUB00268,2025-02-01,2025-03-03,1264.27,63.21,1327.48,Open,False
INV001000,CUST0268,SUB00268,2025-03-01,2025-03-31,1264.27,63.21,1327.48,Overdue,False
INV001001,CUST0268,SUB00268,2025-04-01,2025-05-01,1264.27,63.21,1327.48,Paid,False
INV001002,CUST0268,SUB00268,2025-05-01,2025-05-31,1264.27,63.21,1327.48,Paid,False
INV001003,CUST0268,SUB00268,2025-06-01,2025-07-01,1264.27,63.21,1327.48,Paid,False
INV001004,CUST0268,SUB00268,2025-07-01,2025-07-31,1264.27,63.21,1327.48,Paid,False
INV001005,CUST0269,SUB00269,2025-09-09,2025-10-09,296.5,14.83,311.33,Paid,False
INV001006,CUST0270,SUB00270,2025-02-16,2025-03-18,1513.14,75.66,1588.8,Overdue,False
INV001007,CUST0271,SUB00271,2025-09-07,2025-10-07,-1685.71,-84.29,-1770.0,Paid,False
INV001008,CUST0272,SUB00272,2023-12-01,2023-12-31,-818.6,-40.93,-859.53,Paid,False
INV001009,CUST0272,SUB00272,2024-01-01,2024-01-31,818.6,40.93,859.53,Paid,False
INV001010,CUST0272,SUB00272,2024-02-01,2024-03-02,818.6,40.93,859.53,Open,False
INV001011,CUST0272,SUB00272,2024-03-01,2024-03-31,818.6,40.93,859.53,Overdue,False
INV001012,CUST0272,SUB00272,2024-04-01,2024-05-01,-818.6,-40.93,-859.53,Paid,False
INV001013,CUST0272,SUB00272,2024-05-01,2024-05-31,818.6,40.93,859.53,Open,False
INV001014,CUST0272,SUB00272,2024-06-01,2024-07-01,818.6,40.93,859.53,Open,False
INV001015,CUST0272,SUB00272,2024-07-01,2024-07-31,818.6,40.93,859.53,Paid,False
INV001016,CUST0272,SUB00272,2024-08-01,2024-08-31,818.6,40.93,859.53,Void,True
INV001017,CUST0272,SUB00272,2024-09-01,2024-10-01,818.6,40.93,859.53,Paid,False
INV001018,CUST0273,SUB00273,2025-05-01,2025-05-31,242.86,12.14,255.0,Paid,False
INV001019,CUST0273,SUB00273,2025-06-01,2025-07-01,242.86,12.14,255.0,Paid,False
INV001020,CUST0273,SUB00273,2025-07-01,2025-07-31,242.86,12.14,255.0,Open,False
INV001021,CUST0273,SUB00273,2025-08-01,2025-08-31,242.86,12.14,255.0,Unknown,False
INV001022,CUST0273,SUB00273,2025-09-01,2025-10-01,242.86,12.14,255.0,Paid,False
INV001023,CUST0273,SUB00273,2025-10-01,2025-10-31,242.86,12.14,255.0,Paid,False
INV001024,CUST0273,SUB00273,2025-11-01,2025-12-01,242.86,12.14,255.0,Paid,False
INV001025,CUST0273,SUB00273,2025-12-01,2025-12-31,242.86,12.14,255.0,Paid,False
INV001026,CUST0273,SUB00273,2026-01-01,2026-01-31,242.86,12.14,255.0,Paid,False
INV001027,CUST0273,SUB00273,2026-02-01,2026-03-03,242.86,12.14,255.0,Open,False
INV001028,CUST0273,SUB00273,2026-03-01,2026-03-31,242.86,12.14,255.0,Overdue,False
INV001029,CUST0273,SUB00273,2026-04-01,2026-05-01,242.86,12.14,255.0,Open,False
INV001030,CUST0273,SUB00273,2026-05-01,2026-05-31,242.86,12.14,255.0,Open,False
INV001031,CUST0273,SUB00273,2026-06-01,2026-07-01,242.86,12.14,255.0,Paid,False
INV001032,CUST0273,SUB00273,2026-07-01,2026-07-31,242.86,12.14,255.0,Void,True
INV001033,CUST0273,SUB00273,2026-08-01,2026-08-31,242.86,12.14,255.0,Paid,False
INV001034,CUST0273,SUB00273,2026-09-01,2026-10-01,242.86,12.14,255.0,Paid,False
INV001035,CUST0274,SUB00274,2025-03-12,2025-04-11,203.41,10.17,213.58,Paid,False
INV001036,CUST0275,SUB00275,2025-06-29,2025-07-29,3522.25,176.11,3698.36,Paid,False
INV001037,CUST0276,SUB00276,2026-03-28,2026-04-27,217.12,10.86,227.98,Open,False
INV001038,CUST0277,SUB00277,2025-05-03,2025-06-02,1854.27,92.71,1946.98,Paid,False
INV001039,CUST0278,SUB00278,2024-10-01,2024-10-31,285.94,14.3,300.24,Unknown,False
INV001040,CUST0278,SUB00278,2024-11-01,2024-12-01,285.94,14.3,300.24,Open,False
INV001041,CUST0278,SUB00278,2024-12-01,2024-12-31,285.94,14.3,300.24,Overdue,False
INV001042,CUST0279,SUB00279,2025-12-16,2026-01-15,1863.83,93.19,1957.02,Open,False
INV001043,CUST0280,SUB00280,2025-07-04,2025-08-03,192.83,9.64,202.47,Open,False
INV001044,CUST0281,SUB00281,2024-12-01,2024-12-31,226.69,11.33,238.02,Open,False
INV001045,CUST0282,SUB00282,2024-07-01,2024-07-31,678.96,33.95,712.91,Paid,False
INV001046,CUST0282,SUB00282,2024-08-01,2024-08-31,678.96,33.95,712.91,Void,True
INV001047,CUST0282,SUB00282,2024-09-01,2024-10-01,678.96,33.95,712.91,Paid,False
INV001048,CUST0282,SUB00282,2024-10-01,2024-10-31,678.96,33.95,712.91,Open,False
INV001049,CUST0282,SUB00282,2024-11-01,2024-12-01,678.96,33.95,712.91,Paid,False
INV001050,CUST0282,SUB00282,2024-12-01,2024-12-31,678.96,33.95,712.91,Paid,False
INV001051,CUST0283,SUB00283,2025-10-30,2025-11-29,202.87,10.14,213.01,Paid,False
INV001052,CUST0284,SUB00284,2023-10-01,2023-10-31,691.67,34.58,726.25,Open,False
INV001053,CUST0284,SUB00284,2023-11-01,2023-12-01,691.67,34.58,726.25,Overdue,False
INV001054,CUST0284,SUB00284,2023-12-01,2023-12-31,691.67,34.58,726.25,Paid,False
INV001055,CUST0284,SUB00284,2024-01-01,2024-01-31,691.67,34.58,726.25,Paid,False
INV001056,CUST0284,SUB00284,2024-02-01,2024-03-02,691.67,34.58,726.25,Open,False
INV001057,CUST0284,SUB00284,2024-03-01,2024-03-31,691.67,34.58,726.25,Open,False
INV001058,CUST0284,SUB00284,2024-04-01,2024-05-01,691.67,34.58,726.25,Unknown,False
INV001059,CUST0284,SUB00284,2024-05-01,2024-05-31,691.67,34.58,726.25,Unknown,False
INV001060,CUST0284,SUB00284,2024-06-01,2024-07-01,691.67,34.58,726.25,Paid,False
INV001061,CUST0284,SUB00284,2024-07-01,2024-07-31,691.67,34.58,726.25,Paid,False
INV001062,CUST0284,SUB00284,2024-08-01,2024-08-31,691.67,34.58,726.25,Paid,False
INV001063,CUST0284,SUB00284,2024-09-01,2024-10-01,691.67,34.58,726.25,Open,False
INV001064,CUST0284,SUB00284,2024-10-01,2024-10-31,691.67,34.58,726.25,Paid,False
INV001065,CUST0284,SUB00284,2024-11-01,2024-12-01,691.67,34.58,726.25,Paid,False
INV001066,CUST0284,SUB00284,2024-12-01,2024-12-31,691.67,34.58,726.25,Paid,False
INV001067,CUST0285,SUB00285,2024-07-01,2024-07-31,-691.15,-34.56,-725.71,Paid,False
INV001068,CUST0285,SUB00285,2024-08-01,2024-08-31,-691.15,-34.56,-725.71,Open,False
INV001069,CUST0285,SUB00285,2024-09-01,2024-10-01,-691.15,-34.56,-725.71,Open,False
INV001070,CUST0285,SUB00285,2024-10-01,2024-10-31,-691.15,-34.56,-725.71,Paid,False
INV001071,CUST0285,SUB00285,2024-11-01,2024-12-01,-691.15,-34.56,-725.71,Paid,False
INV001072,CUST0285,SUB00285,2024-12-01,2024-12-31,-691.15,-34.56,-725.71,Open,False
INV001073,CUST0285,SUB00285,2025-01-01,2025-01-31,-691.15,-34.56,-725.71,Open,False
INV001074,CUST0285,SUB00285,2025-02-01,2025-03-03,-691.15,-34.56,-725.71,Void,True
INV001075,CUST0285,SUB00285,2025-03-01,2025-03-31,-691.15,-34.56,-725.71,Paid,False
INV001076,CUST0285,SUB00285,2025-04-01,2025-05-01,-691.15,-34.56,-725.71,Paid,False
INV001077,CUST0285,SUB00285,2025-05-01,2025-05-31,-691.15,-34.56,-725.71,Paid,False
INV001078,CUST0285,SUB00285,2025-06-01,2025-07-01,-691.15,-34.56,-725.71,Paid,False
INV001079,CUST0285,SUB00285,2025-07-01,2025-07-31,-691.15,-34.56,-725.71,Paid,False
INV001080,CUST0286,SUB00286,2025-03-03,2025-04-02,713.35,35.67,749.02,Void,True
INV001081,CUST0287,SUB00287,2025-05-15,2025-06-14,624.13,31.21,655.34,Overdue,False
INV001082,CUST0288,SUB00288,2025-11-08,2025-12-08,720.46,36.02,756.48,Paid,False
INV001083,CUST0289,SUB00289,2024-11-01,2024-12-01,1218.06,60.9,1278.96,Paid,False
INV001084,CUST0289,SUB00289,2024-12-01,2024-12-31,1218.06,60.9,1278.96,Paid,False
INV001085,CUST0289,SUB00289,2025-01-01,2025-01-31,1218.06,60.9,1278.96,Paid,False
INV001086,CUST0289,SUB00289,2025-02-01,2025-03-03,1218.06,60.9,1278.96,Open,False
INV001087,CUST0290,SUB00290,2023-12-01,2023-12-31,665.1,33.26,698.36,Void,True
INV001088,CUST0290,SUB00290,2024-01-01,2024-01-31,-665.1,-33.26,-698.36,Open,False
INV001089,CUST0290,SUB00290,2024-02-01,2024-03-02,665.1,33.26,698.36,Void,True
INV001090,CUST0290,SUB00290,2024-03-01,2024-03-31,665.1,33.26,698.36,Paid,False
INV001091,CUST0290,SUB00290,2024-04-01,2024-05-01,665.1,33.26,698.36,Void,True
INV001092,CUST0290,SUB00290,2024-05-01,2024-05-31,665.1,33.26,698.36,Void,True
INV001093,CUST0290,SUB00290,2024-06-01,2024-07-01,-665.1,-33.26,-698.36,Unknown,False
INV001094,CUST0290,SUB00290,2024-07-01,2024-07-31,665.1,33.26,698.36,Open,False
INV001095,CUST0290,SUB00290,2024-08-01,2024-08-31,665.1,33.26,698.36,Open,False
INV001096,CUST0290,SUB00290,2024-09-01,2024-10-01,665.1,33.26,698.36,Paid,False
INV001097,CUST0290,SUB00290,2024-10-01,2024-10-31,665.1,33.26,698.36,Overdue,False
INV001098,CUST0290,SUB00290,2024-11-01,2024-12-01,665.1,33.26,698.36,Paid,False
INV001099,CUST0290,SUB00290,2024-12-01,2024-12-31,665.1,33.26,698.36,Paid,False
INV001100,CUST0290,SUB00290,2025-01-01,2025-01-31,665.1,33.26,698.36,Paid,False
INV001101,CUST0290,SUB00290,2025-02-01,2025-03-03,665.1,33.26,698.36,Paid,False
INV001102,CUST0290,SUB00290,2025-03-01,2025-03-31,665.1,33.26,698.36,Open,False
INV001103,CUST0291,SUB00291,2025-06-23,2025-07-23,855.38,42.77,898.15,Paid,False
INV001104,CUST0292,SUB00292,2024-10-01,2024-10-31,1834.56,91.73,1926.29,Paid,False
INV001105,CUST0292,SUB00292,2024-11-01,2024-12-01,1834.56,91.73,1926.29,Void,True
INV001106,CUST0292,SUB00292,2024-12-01,2024-12-31,1834.56,91.73,1926.29,Void,True
INV001107,CUST0293,SUB00293,2025-10-11,2025-11-10,1532.91,76.65,1609.56,Unknown,False
INV001108,CUST0294,SUB00294,2025-11-04,2025-12-04,728.71,36.44,765.15,Void,True
INV001109,CUST0295,SUB00295,2025-05-27,2025-06-26,-4993.59,-249.68,-5243.27,Open,False
INV001110,CUST0296,SUB00296,2025-08-02,2025-09-01,1802.64,90.13,1892.77,Void,True
INV001111,CUST0297,SUB00297,2025-02-17,2025-03-19,1332.06,66.6,1398.66,Open,False
INV001112,CUST0298,SUB00298,2024-08-01,2024-08-31,249.55,12.48,262.03,Void,True
INV001113,CUST0298,SUB00298,2024-09-01,2024-10-01,249.55,12.48,262.03,Paid,False
INV001114,CUST0298,SUB00298,2024-10-01,2024-10-31,249.55,12.48,262.03,Paid,False
INV001115,CUST0298,SUB00298,2024-11-01,2024-12-01,249.55,12.48,262.03,Paid,False
INV001116,CUST0298,SUB00298,2024-12-01,2024-12-31,249.55,12.48,262.03,Paid,False
INV001117,CUST0299,SUB00299,2025-11-12,2025-12-12,1688.51,84.43,1772.94,Paid,False
INV001118,CUST0300,SUB00300,2025-04-23,2025-05-23,540.77,27.04,567.81,Overdue,False
INV001119,CUST0301,SUB00301,2024-11-01,2024-12-01,1851.22,92.56,1943.78,Open,False
INV001120,CUST0301,SUB00301,2024-12-01,2024-12-31,1851.22,92.56,1943.78,Unknown,False
INV001121,CUST0302,SUB00302,2024-06-01,2024-07-01,690.67,34.53,725.2,Overdue,False
INV001122,CUST0302,SUB00302,2024-07-01,2024-07-31,690.67,34.53,725.2,Paid,False
INV001123,CUST0302,SUB00302,2024-08-01,2024-08-31,690.67,34.53,725.2,Overdue,False
INV001124,CUST0302,SUB00302,2024-09-01,2024-10-01,690.67,34.53,725.2,Paid,False
INV001125,CUST0302,SUB00302,2024-10-01,2024-10-31,690.67,34.53,725.2,Open,False
INV001126,CUST0302,SUB00302,2024-11-01,2024-12-01,690.67,34.53,725.2,Paid,False
INV001127,CUST0302,SUB00302,2024-12-01,2024-12-31,690.67,34.53,725.2,Paid,False
INV001128,CUST0303,SUB00303,2024-08-01,2024-08-31,-728.32,-36.42,-764.74,Void,True
INV001129,CUST0303,SUB00303,2024-09-01,2024-10-01,728.32,36.42,764.74,Overdue,False
INV001130,CUST0303,SUB00303,2024-10-01,2024-10-31,728.32,36.42,764.74,Open,False
INV001131,CUST0303,SUB00303,2024-11-01,2024-12-01,728.32,36.42,764.74,Unknown,False
INV001132,CUST0303,SUB00303,2024-12-01,2024-12-31,728.32,36.42,764.74,Open,False
INV001133,CUST0304,SUB00304,2024-09-01,2024-10-01,494.77,24.74,519.51,Paid,False
INV001134,CUST0304,SUB00304,2024-10-01,2024-10-31,494.77,24.74,519.51,Paid,False
INV001135,CUST0304,SUB00304,2024-11-01,2024-12-01,-494.77,-24.74,-519.51,Overdue,False
INV001136,CUST0304,SUB00304,2024-12-01,2024-12-31,494.77,24.74,519.51,Open,False
INV001137,CUST0305,SUB00305,2025-08-18,2025-09-17,782.2,39.11,821.31,Paid,False
INV001138,CUST0306,SUB00306,2024-09-01,2024-10-01,1431.41,71.57,1502.98,Open,False
INV001139,CUST0306,SUB00306,2024-10-01,2024-10-31,1431.41,71.57,1502.98,Void,True
INV001140,CUST0306,SUB00306,2024-11-01,2024-12-01,1431.41,71.57,1502.98,Paid,False
INV001141,CUST0306,SUB00306,2024-12-01,2024-12-31,1431.41,71.57,1502.98,Paid,False
INV001142,CUST0307,SUB00307,2025-02-24,2025-03-26,-3563.03,-178.15,-3741.18,Open,False
INV001143,CUST0308,SUB00308,2025-01-22,2025-02-21,212.46,10.62,223.08,Open,False
INV001144,CUST0309,SUB00309,2026-02-21,2026-03-23,3503.75,175.19,3678.94,Paid,False
INV001145,CUST0310,SUB00310,2025-08-14,2025-09-13,3588.39,179.42,3767.81,Paid,False
INV001146,CUST0311,SUB00311,2024-08-01,2024-08-31,655.32,32.77,688.09,Void,True
INV001147,CUST0311,SUB00311,2024-09-01,2024-10-01,655.32,32.77,688.09,Paid,False
INV001148,CUST0311,SUB00311,2024-10-01,2024-10-31,655.32,32.77,688.09,Paid,False
INV001149,CUST0311,SUB00311,2024-11-01,2024-12-01,-655.32,-32.77,-688.09,Overdue,False
INV001150,CUST0311,SUB00311,2024-12-01,2024-12-31,655.32,32.77,688.09,Paid,False
INV001151,CUST0312,SUB00312,2025-12-06,2026-01-05,1637.74,81.89,1719.63,Overdue,False
INV001152,CUST0313,SUB00313,2026-02-19,2026-03-21,684.25,34.21,718.46,Paid,False
INV001153,CUST0314,SUB00314,2024-05-01,2024-05-31,1854.31,92.72,1947.03,Paid,False
INV001154,CUST0314,SUB00314,2024-06-01,2024-07-01,-1854.31,-92.72,-1947.03,Open,False
INV001155,CUST0314,SUB00314,2024-07-01,2024-07-31,1854.31,92.72,1947.03,Paid,False
INV001156,CUST0314,SUB00314,2024-08-01,2024-08-31,1854.31,92.72,1947.03,Paid,False
INV001157,CUST0314,SUB00314,2024-09-01,2024-10-01,1854.31,92.72,1947.03,Unknown,False
INV001158,CUST0314,SUB00314,2024-10-01,2024-10-31,1854.31,92.72,1947.03,Open,False
INV001159,CUST0314,SUB00314,2024-11-01,2024-12-01,1854.31,92.72,1947.03,Void,True
INV001160,CUST0314,SUB00314,2024-12-01,2024-12-31,1854.31,92.72,1947.03,Overdue,False
INV001161,CUST0315,SUB00315,2026-02-03,2026-03-05,1422.41,71.12,1493.53,Paid,False
INV001162,CUST0316,SUB00316,2024-11-01,2024-12-01,579.16,28.96,608.12,Open,False
INV001163,CUST0316,SUB00316,2024-12-01,2024-12-31,579.16,28.96,608.12,Paid,False
INV001164,CUST0317,SUB00317,2025-04-23,2025-05-23,1080.78,54.04,1134.82,Paid,False
INV001165,CUST0318,SUB00318,2025-12-01,2025-12-31,3131.56,156.58,3288.14,Open,False
INV001166,CUST0318,SUB00318,2026-01-01,2026-01-31,3131.56,156.58,3288.14,Overdue,False
INV001167,CUST0318,SUB00318,2026-02-01,2026-03-03,3131.56,156.58,3288.14,Open,False
INV001168,CUST0318,SUB00318,2026-03-01,2026-03-31,3131.56,156.58,3288.14,Void,True
INV001169,CUST0318,SUB00318,2026-04-01,2026-05-01,3131.56,156.58,3288.14,Paid,False
INV001170,CUST0318,SUB00318,2026-05-01,2026-05-31,3131.56,156.58,3288.14,Paid,False
INV001171,CUST0318,SUB00318,2026-06-01,2026-07-01,-3131.56,-156.58,-3288.14,Open,False
INV001172,CUST0318,SUB00318,2026-07-01,2026-07-31,3131.56,156.58,3288.14,Paid,False
INV001173,CUST0318,SUB00318,2026-08-01,2026-08-31,3131.56,156.58,3288.14,Paid,False
INV001174,CUST0318,SUB00318,2026-09-01,2026-10-01,-3131.56,-156.58,-3288.14,Paid,False
INV001175,CUST0318,SUB00318,2026-10-01,2026-10-31,3131.56,156.58,3288.14,Paid,False
INV001176,CUST0319,SUB00319,2024-08-01,2024-08-31,548.61,27.43,576.04,Paid,False
INV001177,CUST0319,SUB00319,2024-09-01,2024-10-01,548.61,27.43,576.04,Void,True
INV001178,CUST0319,SUB00319,2024-10-01,2024-10-31,548.61,27.43,576.04,Overdue,False
INV001179,CUST0319,SUB00319,2024-11-01,2024-12-01,548.61,27.43,576.04,Paid,False
INV001180,CUST0319,SUB00319,2024-12-01,2024-12-31,548.61,27.43,576.04,Overdue,False
INV001181,CUST0320,SUB00320,2025-10-18,2025-11-17,1209.68,60.48,1270.16,Overdue,False
