period,revenue,new_customers,new_arr_booked,cogs,sales_marketing,rnd,ga,total_marketing_spend,leads,marketing_won_customers,cac,ending_cash,active_customers,churned_customers,churn_pct,gross_margin,burn_rate,runway_months,arpu,ltv,ltv_cac,prior_month_arr,arr_growth_pct
2023-01-01,0.0,0,0.0,105964.83000000002,-67729.90999999999,-122229.25000000003,79775.08000000002,113084.79000000001,2151.0,131.0,863.2426717557253,2592706.15,0,0,,,-4219.25,,,,,,
2023-02-01,0.0,0,0.0,27358.690000000006,200054.83,104002.22000000002,95621.41,121333.19999999998,1774.0,141.0,860.51914893617,2435706.8,0,0,,,427037.14999999997,5.70373514341785,,,,0.0,
2023-03-01,0.0,0,0.0,45665.70000000001,134987.02999999997,69210.37999999999,93530.15000000001,105991.48000000001,1996.0,112.0,946.3525000000001,2474833.02,0,0,,,343393.26,7.206993579314864,,,,0.0,
2023-04-01,0.0,0,0.0,79754.70000000001,26252.99,-14057.120000000003,84162.02999999998,107921.56000000001,2026.0,109.0,990.1060550458717,2568025.78,0,0,,,176112.59999999998,14.581726577201177,,,,0.0,
2023-05-01,0.0,0,0.0,73852.47,54486.21000000001,-71681.36,54599.89,71940.32,1661.0,158.0,455.31848101265825,2603771.31,0,0,,,111257.21,23.403169196854748,,,,0.0,
2023-06-01,0.0,0,0.0,120570.98,198996.03999999998,98987.69,50565.43,71332.6,1171.0,168.0,424.59880952380956,2589706.45,0,0,,,469120.13999999996,5.520348049862026,,,,0.0,
2023-07-01,0.0,0,0.0,95641.66,82171.38,64411.45,-15604.970000000012,99200.87,1735.0,144.0,688.8949305555556,2659604.13,0,0,,,226619.52000000002,11.735988718006285,,,,0.0,
2023-08-01,0.0,2,11182.560000000001,169873.71,115514.11,82474.62,33649.619999999995,112093.72,1766.0,151.0,742.3425165562913,2683949.05,0,0,,,401512.05999999994,6.6846038198703175,,,,0.0,
2023-09-01,467.00000000000006,3,23557.800000000003,72326.11,57232.32999999997,87768.76999999999,-13701.499999999998,112718.19,1842.0,124.0,909.0176612903226,2582139.35,1,0,0.0,-153.87389721627406,203158.70999999996,12.709961340077424,467.00000000000006,,,11182.560000000001,1.1066553633515046
2023-10-01,2195.5899999999997,1,2971.92,40078.490000000005,180833.81000000003,102803.70999999999,13865.750000000002,97946.35,1073.0,182.0,538.1667582417583,2425596.84,4,0,0.0,-17.25408660086811,335386.17,7.2322506321593405,548.8974999999999,,,23557.800000000003,-0.8738456052772331
2023-11-01,3130.31,4,43745.52,100363.12000000002,57414.66,110399.48999999999,-43663.57000000001,58438.32,2327.0,111.0,526.4713513513514,2320324.01,5,0,0.0,-31.06171912685965,221383.39,10.481021227473297,626.062,,,2971.92,13.719615602035047
2023-12-01,6524.56,0,0.0,47641.57,146538.79,63749.71,78654.57,98121.48,1640.0,160.0,613.25925,2385954.63,7,0,0.0,-6.301882425788099,330060.08,7.2288494567413295,932.08,,,43745.52,-1.0
2024-01-01,3838.5199999999995,0,0.0,96891.83,111356.23000000001,52289.080000000016,-1336.1699999999992,106147.15999999999,1855.0,159.0,667.5922012578616,2386261.18,7,0,0.0,-24.2419760741119,255362.45000000004,9.34460481562579,548.3599999999999,,,0.0,
2024-02-01,2497.43,0,0.0,93882.39,61212.63999999999,-1243.2799999999916,12814.930000000004,107550.56,1356.0,165.0,651.8215757575757,2490577.38,7,0,0.0,-36.59160016496959,164169.25,15.170790997705112,356.7757142857143,,,0.0,
2024-03-01,6524.56,0,0.0,22529.71,146978.74999999997,-16054.569999999998,93629.81,116531.66999999998,2419.0,114.0,1022.2076315789473,2360840.98,7,0,0.0,-2.4530619689297053,240559.13999999998,9.813973312342238,932.08,,,0.0,
2024-04-01,5832.89,18,226287.72,4432.860000000001,-3718.980000000003,51552.65000000001,128617.73,99002.86,1594.0,100.0,990.0286,2186787.89,7,0,0.0,0.240023384634375,175051.37,12.492263785196313,833.2700000000001,,,0.0,
2024-05-01,21318.699999999997,11,115729.8,-7585.369999999999,48008.689999999995,-38586.89000000001,92481.7,145103.25999999998,1424.0,140.0,1036.451857142857,2050840.75,23,0,0.0,1.3558082809927434,72999.43,28.09392826765908,926.8999999999999,,,226287.72,-0.4885723361391418
2024-06-01,31414.48,17,272941.32,53168.59,149297.58000000002,4012.6200000000135,38444.07,90813.44,1998.0,116.0,782.8744827586207,1982340.72,30,0,0.0,-0.6924867131335612,213508.38000000003,9.284603817423934,1047.1493333333333,,,115729.8,1.3584359430328232
2024-07-01,45859.84999999999,13,162499.19999999998,26834.72,60824.490000000005,19484.230000000003,95907.51999999999,87531.38,1908.0,138.0,634.2853623188406,1982340.72,46,0,0.0,0.4148537337126047,157191.11,12.611023104296422,996.953260869565,,,272941.32,-0.4046368648030281
2024-08-01,55218.44999999999,10,125685.72,84427.27,159992.09,-78927.06,22848.310000000005,121370.79000000001,1966.0,155.0,783.0373548387097,1809809.9,56,0,0.0,-0.5289684878876538,133122.16,13.595106179166564,986.0437499999998,,,162499.19999999998,-0.22654560760914505
2024-09-01,65847.62999999999,13,245236.92,94143.67999999998,14113.940000000002,141320.09000000003,26160.59,95986.04999999999,1457.0,183.0,524.5139344262294,1665196.14,63,1,0.015873015873015872,-0.429720097746874,209890.66999999998,7.933635830501661,1045.2004761904761,-28296.049999999992,-53.9471845127495,125685.72,0.9511915912165679
2024-10-01,76545.20999999999,12,228139.80000000002,107707.12999999999,147898.59000000003,30460.309999999998,71062.48,66799.65,2218.0,85.0,785.8782352941175,1752594.23,73,0,0.0,-0.4071047685413627,280583.30000000005,6.246252824027659,1048.564520547945,,,245236.92,-0.06971674574937572
2024-11-01,89719.35000000002,10,120259.91999999998,72290.42,71630.09999999999,-19228.850000000006,-15558.869999999999,72560.59,1900.0,135.0,537.4858518518519,1866179.09,80,0,0.0,0.1942605469165795,19413.449999999968,96.12815290430105,1121.4918750000002,,,228139.80000000002,-0.47286742602562126
2024-12-01,103625.32999999994,16,228835.32,-10289.45,15119.710000000001,202171.19999999998,71714.55999999998,111529.32,2254.0,166.0,671.8633734939759,1908661.42,90,0,0.0,1.0992947380722455,175090.69,10.900987482544046,1151.392555555555,,,120259.91999999998,0.9028394497518378
2025-01-01,44986.37999999999,13,313133.4,0.0,0.0,0.0,0.0,0.0,0.0,0.0,,0.0,102,0,0.0,1.0,-44986.37999999999,,441.0429411764705,,,228835.32,0.3683787974688523
2025-02-01,32256.98,10,237336.48,0.0,0.0,0.0,0.0,0.0,0.0,0.0,,0.0,112,1,0.008928571428571428,1.0,-32256.98,,288.00875,32256.980000000003,,313133.4,-0.24205951840333867
2025-03-01,44010.7,12,212240.04000000004,0.0,0.0,0.0,0.0,0.0,0.0,0.0,,0.0,121,3,0.024793388429752067,1.0,-44010.7,,363.7247933884297,14670.233333333332,,237336.48,-0.10574202499337637
2025-04-01,50230.42,20,329299.92,0.0,0.0,0.0,0.0,0.0,0.0,0.0,,0.0,132,0,0.0,1.0,-50230.42,,380.5334848484848,,,212240.04000000004,0.5515447509338951
2025-05-01,19167.670000000002,8,81354.84000000001,0.0,0.0,0.0,0.0,0.0,0.0,0.0,,0.0,150,4,0.02666666666666667,1.0,-19167.670000000002,,127.78446666666667,4791.9175,,329299.92,-0.7529460681314468
2025-06-01,36184.19999999999,9,220836.36000000002,0.0,0.0,0.0,0.0,0.0,0.0,0.0,,0.0,157,1,0.006369426751592357,1.0,-36184.19999999999,,230.47261146496808,36184.19999999999,,81354.84000000001,1.7144833669392012
2025-07-01,22308.22000000001,9,110256.40000000001,0.0,0.0,0.0,0.0,0.0,0.0,0.0,,0.0,164,2,0.012195121951219513,1.0,-22308.22000000001,,136.02573170731714,11154.110000000004,,220836.36000000002,-0.5007325786387713
2025-08-01,35654.509999999995,11,96302.88,0.0,0.0,0.0,0.0,0.0,0.0,0.0,,0.0,172,4,0.023255813953488372,1.0,-35654.509999999995,,207.29366279069765,8913.627499999999,,110256.40000000001,-0.12655519316792496
2025-09-01,23152.73,8,204683.28000000003,0.0,0.0,0.0,0.0,0.0,0.0,0.0,,0.0,181,2,0.011049723756906077,1.0,-23152.73,,127.91563535911602,11576.365,,96302.88,1.1254118256899484
2025-10-01,19224.56,10,114779.16,0.0,0.0,0.0,0.0,0.0,0.0,0.0,,0.0,188,1,0.005319148936170213,1.0,-19224.56,,102.25829787234044,19224.56,,204683.28000000003,-0.43923529073796364
2025-11-01,27386.86,13,125167.32,0.0,0.0,0.0,0.0,0.0,0.0,0.0,,0.0,195,0,0.0,1.0,-27386.86,,140.4454358974359,,,114779.16,0.09050562837365253
2025-12-01,23466.13,15,231084.59999999998,0.0,0.0,0.0,0.0,0.0,0.0,0.0,,0.0,207,4,0.01932367149758454,1.0,-23466.13,,113.36294685990339,5866.5325,,125167.32,0.8462055431082168
2026-01-01,23564.12,12,181436.88,0.0,0.0,0.0,0.0,0.0,0.0,0.0,,0.0,218,0,0.0,1.0,-23564.12,,108.09229357798165,,,231084.59999999998,-0.21484651075839747
2026-02-01,32838.74,13,237984.96000000002,0.0,0.0,0.0,0.0,0.0,0.0,0.0,,0.0,223,1,0.004484304932735426,1.0,-32838.74,,147.25892376681614,32838.74,,181436.88,0.3116680577840625
2026-03-01,22070.779999999995,6,48813.36,0.0,0.0,0.0,0.0,0.0,0.0,0.0,,0.0,232,2,0.008620689655172414,1.0,-22070.779999999995,,95.13267241379309,11035.389999999998,,237984.96000000002,-0.7948888870960585
2026-04-01,20609.27,3,14077.919999999998,0.0,0.0,0.0,0.0,0.0,0.0,0.0,,0.0,238,0,0.0,1.0,-20609.27,,86.59357142857144,,,48813.36,-0.7115969890210385
2026-05-01,15540.45,0,0.0,0.0,0.0,0.0,0.0,0.0,0.0,0.0,,0.0,241,4,0.016597510373443983,1.0,-15540.45,,64.48319502074689,3885.1125,,14077.919999999998,-1.0
2026-06-01,18682.839999999997,0,0.0,0.0,0.0,0.0,0.0,0.0,0.0,0.0,,0.0,241,1,0.004149377593360996,1.0,-18682.839999999997,,77.52215767634853,18682.839999999997,,0.0,
2026-07-01,8796.029999999999,0,0.0,0.0,0.0,0.0,0.0,0.0,0.0,0.0,,0.0,241,2,0.008298755186721992,1.0,-8796.029999999999,,36.49804979253111,4398.014999999999,,0.0,
2026-08-01,12308.539999999999,0,0.0,0.0,0.0,0.0,0.0,0.0,0.0,0.0,,0.0,241,1,0.004149377593360996,1.0,-12308.539999999999,,51.07278008298755,12308.539999999999,,0.0,
2026-09-01,12078.05,0,0.0,0.0,0.0,0.0,0.0,0.0,0.0,0.0,,0.0,241,1,0.004149377593360996,1.0,-12078.05,,50.11639004149377,12078.05,,0.0,
2026-10-01,12073.289999999999,0,0.0,0.0,0.0,0.0,0.0,0.0,0.0,0.0,,0.0,241,1,0.004149377593360996,1.0,-12073.289999999999,,50.096639004149374,12073.289999999999,,0.0,
2026-11-01,-1616.5900000000001,0,0.0,0.0,0.0,0.0,0.0,0.0,0.0,0.0,,0.0,241,2,0.008298755186721992,1.0,1616.5900000000001,0.0,-6.707842323651453,-808.2950000000001,,0.0,
2026-12-01,6610.959999999999,0,0.0,0.0,0.0,0.0,0.0,0.0,0.0,0.0,,0.0,241,2,0.008298755186721992,1.0,-6610.959999999999,,27.431369294605805,3305.4799999999996,,0.0,
2027-01-01,1883.79,0,0.0,0.0,0.0,0.0,0.0,0.0,0.0,0.0,,0.0,241,1,0.004149377593360996,1.0,-1883.79,,7.81655601659751,1883.79,,0.0,
2027-02-01,1265.6999999999998,0,0.0,0.0,0.0,0.0,0.0,0.0,0.0,0.0,,0.0,241,0,0.0,1.0,-1265.6999999999998,,5.2518672199170116,,,0.0,
2027-03-01,2695.85,0,0.0,0.0,0.0,0.0,0.0,0.0,0.0,0.0,,0.0,241,2,0.008298755186721992,1.0,-2695.85,,11.186099585062241,1347.925,,0.0,
2027-04-01,294.95,0,0.0,0.0,0.0,0.0,0.0,0.0,0.0,0.0,,0.0,241,2,0.008298755186721992,1.0,-294.95,,1.2238589211618256,147.475,,0.0,
