invoice_id,customer_id,subscription_id,invoice_date,due_date,amount,tax,total_amount,invoice_status
INV000001,CUST0001,SUB00001,2025-04-19,2025-05-19,274.85,13.74,288.59,Open
INV000002,CUST0002,SUB00002,2025-10-30,2025-11-29,221.88,11.09,232.97,Overdue
INV000003,CUST0003,SUB00003,2026-04-01,2026-05-01,-271.49,-13.57,-285.06,Open
INV000004,CUST0004,SUB00004,2025-03-13,2025-04-12,743.65,37.18,780.83,Paid
INV000005,CUST0005,SUB00005,2025-04-01,2025-05-01,-620.84,-31.04,-651.88,Paid
INV000006,CUST0005,SUB00005,2025-05-01,2025-05-31,620.84,31.04,651.88,Paid
INV000007,CUST0005,SUB00005,2025-06-01,2025-07-01,620.84,31.04,651.88,Paid
INV000008,CUST0005,SUB00005,2025-07-01,2025-07-31,620.84,31.04,651.88,Overdue
INV000009,CUST0005,SUB00005,2025-08-01,2025-08-31,620.84,31.04,651.88,Paid
INV000010,CUST0005,SUB00005,2025-09-01,2025-10-01,620.84,31.04,651.88,
INV000011,CUST0005,SUB00005,2025-10-01,2025-10-31,620.84,31.04,651.88,Paid
INV000012,CUST0005,SUB00005,2025-11-01,2025-12-01,620.84,31.04,651.88,void 
INV000013,CUST0005,SUB00005,2025-12-01,2025-12-31,620.84,31.04,651.88,Paid
INV000014,CUST0005,SUB00005,2026-01-01,2026-01-31,620.84,31.04,651.88,Open
INV000015,CUST0005,SUB00005,2026-02-01,2026-03-03,620.84,31.04,651.88,Paid
INV000016,CUST0005,SUB00005,2026-03-01,2026-03-31,620.84,31.04,651.88,Paid
INV000017,CUST0005,SUB00005,2026-04-01,2026-05-01,620.84,31.04,651.88,Paid
INV000018,CUST0005,SUB00005,2026-05-01,2026-05-31,620.84,31.04,651.88,Paid
INV000019,CUST0006,SUB00006,2025-08-03,2025-09-02,4396.87,219.84,4616.71,Overdue
INV000020,CUST0007,SUB00007,2024-06-01,2024-07-01,501.0,25.05,526.05,Paid
INV000021,CUST0007,SUB00007,2024-07-01,2024-07-31,501.0,25.05,526.05,Overdue
INV000022,CUST0007,SUB00007,2024-08-01,2024-08-31,501.0,25.05,526.05,Open
INV000023,CUST0007,SUB00007,2024-09-01,2024-10-01,501.0,25.05,526.05,Open
INV000024,CUST0007,SUB00007,2024-10-01,2024-10-31,501.0,25.05,526.05,Paid
INV000025,CUST0007,SUB00007,2024-11-01,2024-12-01,501.0,25.05,526.05,Overdue
INV000026,CUST0007,SUB00007,2024-12-01,2024-12-31,501.0,25.05,526.05,
INV000027,CUST0008,SUB00008,2025-05-01,2025-05-31,3447.63,172.38,3620.01,Paid
INV000028,CUST0008,SUB00008,2025-06-01,2025-07-01,3447.63,172.38,3620.01,paid
INV000029,CUST0008,SUB00008,2025-07-01,2025-07-31,3447.63,172.38,3620.01,Overdue
INV000030,CUST0008,SUB00008,2025-08-01,2025-08-31,3447.63,172.38,3620.01,Open
INV000031,CUST0008,SUB00008,2025-09-01,2025-10-01,3447.63,172.38,3620.01,
INV000032,CUST0008,SUB00008,2025-10-01,2025-10-31,3447.63,172.38,3620.01,Paid
INV000033,CUST0008,SUB00008,2025-11-01,2025-12-01,3447.63,172.38,3620.01,Open
INV000034,CUST0008,SUB00008,2025-12-01,2025-12-31,3447.63,172.38,3620.01,Open
INV000035,CUST0008,SUB00008,2026-01-01,2026-01-31,3447.63,172.38,3620.01,paid
INV000036,CUST0008,SUB00008,2026-02-01,2026-03-03,3447.63,172.38,3620.01,Paid
INV000037,CUST0008,SUB00008,2026-03-01,2026-03-31,3447.63,172.38,3620.01,Open
INV000038,CUST0008,SUB00008,2026-04-01,2026-05-01,3447.63,172.38,3620.01,Paid
INV000039,CUST0008,SUB00008,2026-05-01,2026-05-31,3447.63,172.38,3620.01,paid
INV000040,CUST0008,SUB00008,2026-06-01,2026-07-01,-3447.63,-172.38,-3620.01,paid
INV000041,CUST0008,SUB00008,2026-07-01,2026-07-31,3447.63,172.38,3620.01,paid
INV000042,CUST0009,SUB00009,2025-01-13,2025-02-12,1286.49,64.32,1350.81,Overdue
INV000043,CUST0010,SUB00010,2024-05-01,2024-05-31,609.53,30.48,640.01,Open
INV000044,CUST0010,SUB00010,2024-06-01,2024-07-01,-609.53,-30.48,-640.01,Open
INV000045,CUST0010,SUB00010,2024-07-01,2024-07-31,609.53,30.48,640.01,void 
INV000046,CUST0010,SUB00010,2024-08-01,2024-08-31,609.53,30.48,640.01,paid
INV000047,CUST0010,SUB00010,2024-09-01,2024-10-01,609.53,30.48,640.01,paid
INV000048,CUST0010,SUB00010,2024-10-01,2024-10-31,609.53,30.48,640.01,VOID
INV000049,CUST0010,SUB00010,2024-11-01,2024-12-01,-609.53,-30.48,-640.01,
INV000050,CUST0010,SUB00010,2024-12-01,2024-11-28,609.53,30.48,640.01,VOID
INV000051,CUST0011,SUB00011,2025-10-10,2025-11-09,774.19,38.71,812.9,Overdue
INV000052,CUST0012,SUB00012,2024-06-01,2024-07-01,709.7,35.49,745.19,Paid
INV000053,CUST0012,SUB00012,2024-07-01,2024-07-31,709.7,35.49,745.19,VOID
INV000054,CUST0012,SUB00012,2024-08-01,2024-08-31,709.7,35.49,745.19,
INV000055,CUST0012,SUB00012,2024-09-01,2024-10-01,709.7,35.49,740.88,Open
INV000056,CUST0012,SUB00012,2024-10-01,2024-10-31,709.7,35.49,745.19,Paid
INV000057,CUST0012,SUB00012,2024-11-01,2024-12-01,709.7,35.49,745.19,Paid
INV000058,CUST0012,SUB00012,2024-12-01,2024-12-31,709.7,35.49,745.19,Paid
INV000059,CUST0013,SUB00013,2024-10-01,2024-10-31,495.94,24.8,520.74,Paid
INV000060,CUST0013,SUB00013,2024-11-01,2024-12-01,495.94,24.8,520.74,Open
INV000061,CUST0013,SUB00013,2024-12-01,2024-12-31,495.94,24.8,520.74,Open
INV000062,CUST0014,SUB00014,2025-03-06,2025-04-05,221.74,11.09,232.83,Paid
INV000063,CUST0015,SUB00015,2026-02-08,2026-03-10,1086.32,54.32,1140.64,Open
INV000064,CUST0016,SUB00016,2026-01-12,2026-02-11,858.63,42.93,901.52,Paid
INV000065,CUST0017,SUB00017,2026-03-02,2026-04-01,3866.32,193.32,4059.64,Open
INV000066,CUST0019,SUB00019,2025-10-23,2025-11-22,601.72,30.09,631.81,Overdue
INV000067,CUST0020,SUB00020,2024-07-01,2024-07-31,271.51,13.58,285.09,Paid
INV000068,CUST0020,SUB00020,2024-08-01,2024-08-31,271.51,13.58,285.09,Open
INV000069,CUST0020,SUB00020,2024-09-01,2024-10-01,271.51,13.58,285.09,Open
INV000070,CUST0020,SUB00020,2024-10-01,2024-10-31,271.51,13.58,285.09,Paid
INV000071,CUST0020,SUB00020,2024-11-01,2024-12-01,271.51,13.58,285.09,Paid
INV000072,CUST0020,SUB00020,2024-12-01,2024-12-31,271.51,13.58,285.09,VOID
INV000073,CUST0021,SUB00021,2026-03-18,2026-04-17,639.17,31.96,671.13,Open
INV000074,CUST0022 ,SUB00022,2026-02-03,2026-03-05,201.93,10.1,219.95,paid
INV000075,CUST0023,SUB00023,2025-07-07,2025-08-06,711.25,35.56,746.81,Overdue
INV000076,CUST0024,SUB00024,2024-10-01,2024-10-31,279.77,13.99,293.76,Open
INV000077,CUST0024,SUB00024,2024-11-01,2024-12-01,279.77,13.99,293.76,paid
INV000078,CUST0024,SUB00024,2024-12-01,2024-12-31,279.77,13.99,293.76,Open
INV000079,CUST0024,SUB00024,2025-01-01,2025-01-31,279.77,13.99,293.76,Paid
INV000080,CUST0024,SUB00024,2025-02-01,2025-03-03,279.77,13.99,293.76,paid
INV000081,CUST0024,SUB00024,2025-03-01,2025-03-31,279.77,13.99,293.76,paid
INV000082,CUST0024,SUB00024,2025-04-01,2025-05-01,279.77,13.99,293.76,Open
INV000083,CUST0024,SUB00024,2025-05-01,2025-05-31,279.77,13.99,293.76,paid
INV000084,CUST0024,SUB00024,2025-06-01,2025-07-01,279.77,13.99,283.02,Paid
INV000085,CUST0025 ,SUB00025,2026-03-12,2026-04-11,234.33,11.72,246.05,Paid
INV000086,CUST0026,SUB00026,2025-03-22,2025-04-21,728.66,36.43,765.09,Open
INV000087,CUST0027,SUB00027,2024-06-01,2024-07-01,591.03,29.55,620.58,Paid
INV000088,CUST0027,SUB00027,2024-07-01,2024-07-31,591.03,29.55,620.58,Paid
INV000089,CUST0027,SUB00027,2024-08-01,2024-08-31,591.03,29.55,620.58,Overdue
INV000090,CUST0027,SUB00027,2024-09-01,2024-10-01,591.03,29.55,620.58,Paid
INV000091,CUST0027,SUB00027,2024-10-01,2024-10-31,591.03,29.55,620.58,Open
INV000092,CUST0027,SUB00027,2024-11-01,2024-10-20,591.03,29.55,620.58,VOID
INV000093,CUST0027,SUB00027,2024-12-01,2024-12-31,591.03,29.55,620.58,Overdue
INV000094,CUST0028,SUB00028,2025-10-11,2025-11-10,723.55,36.18,759.73,void 
INV000095,CUST0029,SUB00029,2026-01-10,2026-02-09,1837.27,91.86,1929.13,Paid
INV000096,CUST0030,SUB00030,2024-06-01,2024-07-01,219.35,10.97,230.32,paid
INV000097,CUST0030,SUB00030,2024-07-01,2024-07-31,219.35,10.97,230.32,paid
INV000098,CUST0030,SUB00030,2024-08-01,2024-08-31,219.35,10.97,230.32,paid
INV000099,CUST0030,SUB00030,2024-09-01,2024-10-01,219.35,10.97,230.32,paid
INV000100,CUST0030,SUB00030,2024-10-01,2024-10-31,219.35,10.97,230.32,Paid
INV000101,CUST0030,SUB00030,2024-11-01,2024-12-01,219.35,10.97,230.32,VOID
INV000102,CUST0030,SUB00030,2024-12-01,2024-12-31,219.35,10.97,230.32,Open
INV000103,CUST0031,SUB00031,2024-09-01,2024-10-01,659.81,32.99,692.8,Paid
INV000104,CUST0031,SUB00031,2024-10-01,2024-10-31,659.81,32.99,692.8,Paid
INV000105,CUST0031,SUB00031,2024-11-01,2024-12-01,659.81,32.99,692.8,Open
INV000106,CUST0031,SUB00031,2024-12-01,2024-12-31,659.81,32.99,692.8,Paid
INV000107,CUST0032,SUB00032,2025-01-23,2025-02-22,223.09,11.15,234.24,Paid
INV000108,CUST0033,SUB00033,2025-06-08,2025-07-08,-4290.12,-214.51,-4504.63,paid
INV000109,CUST0034,SUB00034,2026-03-01,2026-03-31,1343.14,67.16,1410.3,Paid
INV000110,CUST0034,SUB00034,2026-04-01,2026-05-01,-1343.14,-67.16,-1410.3,paid
INV000111,CUST0034,SUB00034,2026-05-01,2026-05-31,1343.14,67.16,1410.3,Overdue
INV000112,CUST0034,SUB00034,2026-06-01,2026-07-01,1343.14,67.16,1410.3,Overdue
INV000113,CUST0034,SUB00034,2026-07-01,2026-07-31,1343.14,67.16,1410.3,Paid
INV000114,CUST0034,SUB00034,2026-08-01,2026-08-31,1343.14,67.16,1410.3,Open
INV000115,CUST0034,SUB00034,2026-09-01,2026-10-01,1343.14,67.16,1410.3,Overdue
INV000116,CUST0035,SUB00035,2024-05-01,2024-05-31,1464.95,73.25,1538.2,Paid
INV000117,CUST0035,SUB00035,2024-06-01,2024-07-01,1464.95,73.25,1538.2,paid
INV000118,CUST0035,SUB00035,2024-07-01,2024-07-31,1464.95,73.25,1538.2,
INV000119,CUST0035,SUB00035,2024-08-01,2024-08-31,1464.95,73.25,1538.2,Paid
INV000120,CUST0035,SUB00035,2024-09-01,2024-08-21,1464.95,73.25,1538.2,paid
INV000121,CUST0035,SUB00035,2024-10-01,2024-10-31,1464.95,73.25,1538.2,Overdue
INV000122,CUST0035,SUB00035,2024-11-01,2024-12-01,1464.95,73.25,1538.2,
INV000123,CUST0035,SUB00035,2024-12-01,2024-12-31,1464.95,73.25,1538.2,Paid
INV000124,CUST0036,SUB00036,2024-10-01,2024-10-31,294.95,14.75,309.7,paid
INV000125,CUST0036,SUB00036,2024-11-01,2024-12-01,294.95,14.75,309.7,
INV000126,CUST0036,SUB00036,2024-12-01,2024-12-31,294.95,14.75,309.7,Paid
INV000127,CUST0036,SUB00036,2025-01-01,2025-01-31,294.95,14.75,309.7,Open
INV000128,CUST0036,SUB00036,2025-02-01,2025-03-03,294.95,14.75,300.34,Paid
INV000129,CUST0036,SUB00036,2025-03-01,2025-03-31,294.95,14.75,309.7,Paid
INV000130,CUST0036,SUB00036,2025-04-01,2025-05-01,294.95,14.75,309.7,Paid
INV000131,CUST0036,SUB00036,2025-05-01,2025-05-31,294.95,14.75,309.7,Paid
INV000132,CUST0036,SUB00036,2025-06-01,2025-07-01,294.95,14.75,309.7,Paid
INV000133,CUST0036,SUB00036,2025-07-01,2025-07-31,294.95,14.75,309.7,Overdue
INV000134,CUST0036,SUB00036,2025-08-01,2025-08-31,294.95,14.75,309.7,Paid
INV000135,CUST0036,SUB00036,2025-09-01,2025-10-01,294.95,14.75,309.7,paid
INV000136,CUST0036,SUB00036,2025-10-01,2025-10-31,294.95,14.75,309.7,Overdue
INV000137,CUST0036,SUB00036,2025-11-01,2025-12-01,294.95,14.75,309.7,Paid
INV000138,CUST0036,SUB00036,2025-12-01,2025-12-31,294.95,14.75,309.7,Paid
INV000139,CUST0037,SUB00037,2025-06-11,2025-07-11,1458.5,72.92,1531.42,Paid
INV000140,CUST0038,SUB00038,2025-01-16,2025-02-15,3780.46,189.02,3969.48,Open
INV000141,CUST0039,SUB00039,2025-12-27,2026-01-26,1539.34,76.97,1616.31,Paid
INV000142,CUST0040,SUB00040,2026-04-01,2026-05-01,4455.21,222.76,4677.97,Overdue
INV000143,CUST0040,SUB00040,2026-05-01,2026-05-31,4455.21,222.76,4677.97,Paid
INV000144,CUST0040,SUB00040,2026-06-01,2026-07-01,4455.21,222.76,4677.97,Paid
INV000145,CUST0040,SUB00040,2026-07-01,2026-07-31,4455.21,222.76,4677.97,Paid
INV000146,CUST0040,SUB00040,2026-08-01,2026-08-31,4455.21,222.76,4677.97,Paid
INV000147,CUST0040,SUB00040,2026-09-01,2026-10-01,4455.21,222.76,4677.97,Paid
INV000148,CUST0040,SUB00040,2026-10-01,,4455.21,222.76,4677.97,Paid
INV000149,CUST0041,SUB00041,2025-12-10,2026-01-09,304.19,15.21,319.4,Paid
INV000150,CUST0042 ,SUB00042,2024-12-01,2024-12-31,3827.52,191.38,4018.9,Open
INV000151,CUST0043,SUB00043,2026-01-20,2026-02-19,295.99,14.8,310.79,paid
INV000152,CUST0045,SUB00045,2025-07-31,2025-08-30,1385.92,69.3,1455.22,paid
INV000153,CUST0046,SUB00046,2026-03-01,2026-03-31,255.65,12.78,268.43,Open
INV000154,CUST0046,SUB00046,2026-04-01,2026-05-01,255.65,12.78,268.43,VOID
INV000155,CUST0046,SUB00046,2026-05-01,2026-05-31,255.65,12.78,268.43,Paid
INV000156,CUST0046,SUB00046,2026-06-01,2026-07-01,255.65,12.78,268.43,Overdue
INV000157,CUST0046,SUB00046,2026-07-01,2026-07-31,255.65,12.78,268.43,paid
INV000158,CUST0046,SUB00046,2026-08-01,2026-08-31,255.65,12.78,268.43,Overdue
INV000159,CUST0046,SUB00046,2026-09-01,2026-10-01,255.65,12.78,268.43,paid
INV000160,CUST0047,SUB00047,2025-09-01,2025-10-01,592.03,29.6,621.63,Paid
INV000161,CUST0047,SUB00047,2025-10-01,2025-10-31,592.03,29.6,600.25,VOID
INV000162,CUST0047,SUB00047,2025-11-01,2025-12-01,592.03,29.6,621.63,Paid
INV000163,CUST0047,SUB00047,2025-12-01,2025-12-31,592.03,29.6,621.63,Open
INV000164,CUST0047,SUB00047,2026-01-01,2026-01-31,592.03,29.6,621.63,Paid
INV000165,CUST0047,SUB00047,2026-02-01,2026-03-03,592.03,29.6,621.63,Open
INV000166,CUST0048,SUB00048,2025-04-01,2025-05-01,240.47,12.02,252.49,Paid
INV000167,CUST0049,SUB00049,2025-02-23,2025-03-25,749.77,37.49,787.26,Paid
INV000168,CUST0050,SUB00050,2025-08-30,2025-09-29,1491.64,74.58,1566.22,paid
INV000169,CUST0051,SUB00051,2025-05-18,2025-06-17,630.83,31.54,662.37,Overdue
INV000170,CUST0052,SUB00052,2025-05-24,2025-06-23,1277.39,63.87,1341.26,Overdue
INV000171,CUST0053 ,SUB00053,2024-07-01,2024-07-31,4256.24,212.81,4469.05,Paid
INV000172,CUST0053 ,SUB00053,2024-08-01,2024-08-31,4256.24,212.81,4469.05,Open
INV000173,CUST0053 ,SUB00053,2024-09-01,2024-10-01,4256.24,212.81,4469.05,Paid
INV000174,CUST0053 ,SUB00053,2024-10-01,2024-10-31,4256.24,212.81,4469.05,Paid
INV000175,CUST0053 ,SUB00053,2024-11-01,2024-10-23,4256.24,212.81,4469.05,VOID
INV000176,CUST0053 ,SUB00053,2024-12-01,2024-12-31,4256.24,212.81,4469.05,Paid
INV000177,CUST0054 ,SUB00054,2025-08-06,2025-09-05,738.34,36.92,775.26,Open
INV000178,CUST0055,SUB00055,2025-12-04,2026-01-03,-255.94,-12.8,-253.3,Open
INV000179,CUST0056,SUB00056,2024-08-14,2024-09-13,281.41,14.07,295.48,Paid
INV000180,CUST0057,SUB00057,2026-02-02,2026-03-04,617.12,30.86,647.98,Paid
INV000181,CUST0058,SUB00058,2025-03-24,2025-04-23,310.42,15.52,325.94,Overdue
INV000182,CUST0059,SUB00059,2024-07-04,2024-08-03,-596.51,-29.83,-626.34,paid
INV000183,CUST0060,SUB00060,2024-10-01,2024-10-31,272.85,13.64,286.49,paid
INV000184,CUST0060,SUB00060,2024-11-01,2024-12-01,272.85,13.64,275.68,Open
INV000185,CUST0060,SUB00060,2024-12-01,2024-12-31,272.85,13.64,286.49,VOID
INV000186,CUST0061,SUB00061 ,2025-07-13,2025-08-12,-1873.15,-93.66,-1943.16,Overdue
INV000187,CUST0062,SUB00062,2025-06-01,2025-07-01,-1430.15,-71.51,-1501.66,Paid
INV000188,CUST0062,SUB00062,2025-07-01,2025-07-31,-1430.15,-71.51,-1501.66,Paid
INV000189,CUST0062,SUB00062,2025-08-01,2025-08-31,-1430.15,-71.51,-1501.66,
INV000190,CUST0062,SUB00062,2025-09-01,2025-10-01,-1430.15,-71.51,-1501.66,Paid
INV000191,CUST0062,SUB00062,2025-10-01,2025-10-31,-1430.15,-71.51,-1501.66,
INV000192,CUST0062,SUB00062,2025-11-01,2025-12-01,-1430.15,-71.51,-1501.66,Paid
INV000193,CUST0062,SUB00062,2025-12-01,2025-12-31,-1430.15,-71.51,-1501.66,Open
INV000194,CUST0062,SUB00062,2026-01-01,2026-01-31,-1430.15,-71.51,-1501.66,Overdue
INV000195,CUST0062,SUB00062,2026-02-01,2026-03-03,-1430.15,-71.51,-1491.61,Open
INV000196,CUST0062,SUB00062,2026-03-01,2026-03-31,-1430.15,-71.51,-1501.66,Open
INV000197,CUST0062,SUB00062,2026-04-01,2026-05-01,-1430.15,-71.51,-1501.66,VOID
INV000198,CUST0062,SUB00062,2026-05-01,2026-04-20,-1430.15,-71.51,-1501.66,Overdue
INV000199,CUST0063,SUB00063,2025-06-17,2025-07-17,214.45,10.72,225.17,Paid
INV000200,CUST0064,SUB00064,2025-09-06,2025-10-06,1183.66,59.18,1242.84,Open
INV000201,CUST0065,SUB00065,2024-07-01,2024-07-31,311.94,15.6,327.54,Paid
INV000202,CUST0065,SUB00065,2024-08-01,2024-08-31,311.94,15.6,327.54,paid
INV000203,CUST0065,SUB00065,2024-09-01,2024-10-01,311.94,15.6,327.54,Paid
INV000204,CUST0065,SUB00065,2024-10-01,2024-10-31,311.94,15.6,327.54,Overdue
INV000205,CUST0065,SUB00065,2024-11-01,2024-12-01,311.94,15.6,327.54,VOID
INV000206,CUST0065,SUB00065,2024-12-01,2024-12-31,311.94,15.6,327.54,
INV000207,CUST0066,SUB00066 ,2024-05-01,2024-05-31,3068.1,153.41,3221.51,Paid
INV000208,CUST0066,SUB00066 ,2024-06-01,2024-07-01,3068.1,153.41,3221.51,Open
INV000209,CUST0066,SUB00066 ,2024-07-01,2024-07-31,3068.1,153.41,3221.51,paid
INV000210,CUST0066,SUB00066 ,2024-08-01,2024-08-31,3068.1,153.41,3221.51,Paid
INV000211,CUST0066,SUB00066 ,2024-09-01,2024-10-01,3068.1,153.41,3221.51,Paid
INV000212,CUST0066,SUB00066 ,2024-10-01,2024-10-31,3068.1,153.41,3221.51,Paid
INV000213,CUST0066,SUB00066 ,2024-11-01,2024-12-01,3068.1,153.41,3221.51,Paid
INV000214,CUST0066,SUB00066 ,2024-12-01,2024-12-31,3068.1,153.41,3221.51,Open
INV000215,CUST0067,SUB00067,2025-03-21,2025-04-20,678.21,33.91,712.12,Paid
INV000216,CUST0068,SUB00068,2026-01-26,2026-02-25,1664.87,83.24,1748.11,Overdue
INV000217,CUST0069,SUB00069,2024-12-01,2024-11-18,1321.78,66.09,1387.87,Open
INV000218,CUST0070,SUB00070,2026-01-07,2026-02-06,267.81,13.39,281.2,Open
INV000219,CUST0071,SUB00071,2024-09-01,2024-10-01,3439.78,171.99,3611.77,Paid
INV000220,CUST0071,SUB00071,2024-10-01,2024-10-31,3439.78,171.99,3611.77,paid
INV000221,CUST0071,SUB00071,2024-11-01,2024-12-01,3439.78,171.99,3611.77,Overdue
INV000222,CUST0071,SUB00071,2024-12-01,2024-12-31,3439.78,171.99,3611.77,
INV000223,CUST0072,SUB00072,2025-09-26,2025-10-26,3520.79,176.04,3696.83,Overdue
INV000224,CUST0073,SUB00073,2024-10-01,2024-10-31,697.11,34.86,731.97,Paid
INV000225,CUST0073,SUB00073,2024-11-01,2024-12-01,697.11,34.86,731.97,Paid
INV000226,CUST0073,SUB00073,2024-12-01,2024-12-31,-697.11,-34.86,-731.97,paid
INV000227,CUST0074,SUB00074,2026-02-16,2026-03-18,223.12,11.16,234.28,Paid
INV000228,CUST0075,SUB00075,2025-12-01,2025-12-31,660.11,33.01,693.12,VOID
INV000229,CUST0075,SUB00075,2026-01-01,2026-01-31,660.11,33.01,693.12,paid
INV000230,CUST0075,SUB00075,2026-02-01,2026-03-03,660.11,33.01,693.12,Open
INV000231,CUST0075,SUB00075,2026-03-01,2026-03-31,660.11,33.01,693.12,Paid
INV000232,CUST0075,SUB00075,2026-04-01,2026-05-01,660.11,33.01,693.12,Open
INV000233,CUST0075,SUB00075,2026-05-01,2026-05-31,660.11,33.01,693.12,Open
INV000234,CUST0075,SUB00075,2026-06-01,2026-07-01,-660.11,-33.01,-693.12,Open
INV000235,CUST0076,SUB00076,2025-07-01,2025-07-31,2792.99,139.65,2932.64,Open
INV000236,CUST0076,SUB00076,2025-08-01,2025-08-31,2792.99,139.65,2932.64,Open
INV000237,CUST0076,SUB00076,2025-09-01,2025-10-01,2792.99,139.65,2932.64,Paid
INV000238,CUST0076,SUB00076,2025-10-01,2025-10-31,2792.99,139.65,2932.64,VOID
INV000239,CUST0076,SUB00076,2025-11-01,2025-12-01,2792.99,139.65,2932.64,Overdue
INV000240,CUST0076,SUB00076,2025-12-01,2025-12-31,2792.99,139.65,2932.64,Open
INV000241,CUST0076,SUB00076,2026-01-01,2026-01-31,2792.99,139.65,2932.64,Paid
INV000242,CUST0077,SUB00077,2024-05-01,2024-05-31,637.54,31.88,669.42,Paid
INV000243,CUST0077,SUB00077,2024-06-01,2024-07-01,637.54,31.88,669.42,Open
INV000244,CUST0077,SUB00077,2024-07-01,2024-07-31,637.54,31.88,669.42,Overdue
INV000245,CUST0077,SUB00077,2024-08-01,2024-08-31,637.54,31.88,669.42,Paid
INV000246,CUST0077,SUB00077,2024-09-01,2024-10-01,637.54,31.88,669.42,Paid
INV000247,CUST0077,SUB00077,2024-10-01,2024-10-31,637.54,31.88,669.42,Open
INV000248,CUST0077,SUB00077,2024-11-01,2024-12-01,637.54,31.88,669.42,VOID
INV000249,CUST0077,SUB00077,2024-12-01,2024-12-31,637.54,31.88,669.42,Paid
INV000250,CUST0078,SUB00078,2025-04-18,,4346.84,217.34,4564.18,Paid
INV000251,CUST0079,SUB00079,2026-03-27,2026-04-26,238.92,11.95,250.87,Paid
INV000252,CUST0080,SUB00080,2025-01-09,2025-02-08,252.09,12.6,264.69,paid
INV000253,CUST0081,SUB00081,2024-08-01,2024-08-31,243.42,12.17,255.59,Paid
INV000254,CUST0081,SUB00081,2024-09-01,2024-10-01,243.42,12.17,255.59,Paid
INV000255,CUST0081,SUB00081,2024-10-01,2024-10-31,243.42,12.17,255.59,Paid
INV000256,CUST0081,SUB00081,2024-11-01,2024-12-01,243.42,12.17,255.59,Open
INV000257,CUST0081,SUB00081,2024-12-01,2024-12-31,243.42,12.17,255.59,Paid
INV000258,CUST0082,SUB00082,2026-03-14,,721.49,36.07,757.56,Overdue
INV000259,CUST0083,SUB00083,2025-09-01,2025-10-01,-4386.29,-219.31,-4605.6,paid
INV000260,CUST0083,SUB00083,2025-10-01,2025-10-31,4386.29,219.31,4605.6,Open
INV000261,CUST0083,SUB00083,2025-11-01,2025-12-01,4386.29,219.31,4605.6,paid
INV000262,CUST0083,SUB00083,2025-12-01,2025-12-31,4386.29,219.31,4605.6,
INV000263,CUST0083,SUB00083,2026-01-01,2026-01-31,4386.29,219.31,4605.6,Open
INV000264,CUST0083,SUB00083,2026-02-01,2026-03-03,4386.29,219.31,4605.6,Overdue
INV000265,CUST0083,SUB00083,2026-03-01,2026-03-31,4386.29,219.31,4605.6,Paid
INV000266,CUST0083,SUB00083,2026-04-01,2026-05-01,4386.29,219.31,4605.6,Paid
INV000267,CUST0083,SUB00083,2026-05-01,2026-05-31,-4386.29,-219.31,-4605.6,Open
INV000268,CUST0084,SUB00084,2024-06-01,2024-07-01,221.2,11.06,232.26,Overdue
INV000269,CUST0084,SUB00084,2024-07-01,2024-07-31,221.2,11.06,232.26,Open
INV000270,CUST0084,SUB00084,2024-08-01,2024-08-31,221.2,11.06,232.26,paid
INV000271,CUST0084,SUB00084,2024-09-01,2024-10-01,221.2,11.06,232.26,
INV000272,CUST0084,SUB00084,2024-10-01,2024-10-31,221.2,11.06,232.26,Paid
INV000273,CUST0084,SUB00084,2024-11-01,2024-12-01,221.2,11.06,232.26,paid
INV000274,CUST0084,SUB00084,2024-12-01,2024-12-31,221.2,11.06,232.26,paid
INV000275,CUST0085,SUB00085,2024-12-01,2024-12-31,514.81,25.74,540.55,Open
INV000276,CUST0086,SUB00086,2024-08-01,2024-08-31,691.73,34.59,726.32,Paid
INV000277,CUST0086,SUB00086,2024-09-01,2024-10-01,691.73,34.59,726.32,Overdue
INV000278,CUST0086,SUB00086,2024-10-01,2024-10-31,691.73,34.59,726.32,Paid
INV000279,CUST0086,SUB00086,2024-11-01,2024-12-01,691.73,34.59,726.32,Open
INV000280,CUST0086,SUB00086,2024-12-01,2024-12-31,691.73,34.59,726.32,Paid
INV000281,CUST0087 ,SUB00087,2026-01-30,2026-03-01,672.85,33.64,706.49,paid
INV000282,CUST0088,SUB00088,2025-05-01,2025-05-31,230.49,11.52,242.01,paid
INV000283,CUST0088,SUB00088,2025-06-01,2025-05-27,230.49,11.52,242.01,Paid
INV000284,CUST0088,SUB00088,2025-07-01,2025-07-31,230.49,11.52,242.01,Paid
INV000285,CUST0088,SUB00088,2025-08-01,2025-08-31,-230.49,-11.52,-242.01,Paid
INV000286,CUST0088,SUB00088,2025-09-01,2025-10-01,-230.49,-11.52,-242.01,Open
INV000287,CUST0088,SUB00088,2025-10-01,2025-10-31,230.49,11.52,242.01,Paid
INV000288,CUST0088,SUB00088,2025-11-01,2025-12-01,230.49,11.52,242.01,Open
INV000289,CUST0088,SUB00088,2025-12-01,2025-12-31,230.49,11.52,242.01,Open
INV000290,CUST0088,SUB00088,2026-01-01,2026-01-31,230.49,11.52,242.01,Paid
INV000291,CUST0088,SUB00088,2026-02-01,2026-03-03,230.49,11.52,242.01,Open
INV000292,CUST0088,SUB00088,2026-03-01,2026-03-31,230.49,11.52,242.01,Open
INV000293,CUST0088,SUB00088,2026-04-01,2026-05-01,230.49,11.52,242.01,VOID
INV000294,CUST0088,SUB00088,2026-05-01,2026-05-31,230.49,11.52,242.01,Open
INV000295,CUST0089,SUB00089,2025-01-14,2025-02-13,224.28,11.21,235.49,Paid
INV000296,CUST0091,SUB00091,2025-01-10,2025-02-09,4474.83,223.74,4698.57,paid
INV000297,CUST0092,SUB00092,2026-02-01,2026-03-03,1344.88,67.24,1412.12,Paid
INV000298,CUST0092,SUB00092,2026-03-01,2026-03-31,1344.88,67.24,1403.45,Paid
INV000299,CUST0092,SUB00092,2026-04-01,2026-05-01,1344.88,67.24,1412.12,Paid
INV000300,CUST0092,SUB00092,2026-05-01,2026-05-31,1344.88,67.24,1412.12,Paid
INV000301,CUST0092,SUB00092,2026-06-01,2026-07-01,1344.88,67.24,1412.12,Overdue
INV000302,CUST0092,SUB00092,2026-07-01,2026-07-31,1344.88,67.24,1412.12,paid
INV000303,CUST0092,SUB00092,2026-08-01,2026-08-31,-1344.88,-67.24,-1412.12,paid
INV000304,CUST0092,SUB00092,2026-09-01,2026-10-01,1344.88,67.24,1412.12,Overdue
INV000305,CUST0092,SUB00092,2026-10-01,2026-10-31,1344.88,67.24,1412.12,paid
INV000306,CUST0092,SUB00092,2026-11-01,2026-12-01,1344.88,67.24,1412.12,Paid
INV000307,CUST0092,SUB00092,2026-12-01,2026-12-31,1344.88,67.24,1412.12,paid
INV000308,CUST0092,SUB00092,2027-01-01,2027-01-31,1344.88,67.24,1412.12,Paid
INV000309,CUST0092,SUB00092,2027-02-01,2027-03-03,1344.88,67.24,1412.12,Open
INV000310,CUST0092,SUB00092,2027-03-01,2027-03-31,1344.88,67.24,1412.12,Paid
INV000311,CUST0093,SUB00093,2023-09-01,2023-10-01,232.44,11.62,244.06,Paid
INV000312,CUST0093,SUB00093,2023-10-01,2023-10-31,-232.44,-11.62,-244.06,paid
INV000313,CUST0093,SUB00093,2023-11-01,2023-12-01,-232.44,-11.62,-244.06,paid
INV000314,CUST0093,SUB00093,2023-12-01,2023-12-31,232.44,11.62,244.06,paid
INV000315,CUST0093,SUB00093,2024-01-01,2023-12-26,232.44,11.62,244.06,Open
INV000316,CUST0093,SUB00093,2024-02-01,2024-03-02,232.44,11.62,244.06,paid
INV000317,CUST0093,SUB00093,2024-03-01,2024-03-31,232.44,11.62,244.06,Paid
INV000318,CUST0093,SUB00093,2024-04-01,2024-05-01,232.44,11.62,244.06,Open
INV000319,CUST0093,SUB00093,2024-05-01,2024-05-31,232.44,11.62,244.06,
INV000320,CUST0093,SUB00093,2024-06-01,2024-07-01,232.44,11.62,219.75,Paid
INV000321,CUST0093,SUB00093,2024-07-01,2024-07-31,232.44,11.62,244.06,Open
INV000322,CUST0093,SUB00093,2024-08-01,2024-08-31,232.44,11.62,244.06,Paid
INV000323,CUST0093,SUB00093,2024-09-01,2024-10-01,232.44,11.62,244.06,
INV000324,CUST0093,SUB00093,2024-10-01,2024-10-31,232.44,11.62,244.06,Paid
INV000325,CUST0093,SUB00093,2024-11-01,2024-12-01,232.44,11.62,244.06,Paid
INV000326,CUST0093,SUB00093,2024-12-01,2024-12-31,232.44,11.62,244.06,void 
INV000327,CUST0094,SUB00094,2025-08-01,2025-08-31,762.6,38.13,800.73,Paid
INV000328,CUST0094,SUB00094,2025-09-01,2025-10-01,762.6,38.13,800.73,Paid
INV000329,CUST0094,SUB00094,2025-10-01,2025-10-31,762.6,38.13,800.73,Paid
INV000330,CUST0094,SUB00094,2025-11-01,2025-12-01,762.6,38.13,800.73,Paid
INV000331,CUST0094,SUB00094,2025-12-01,2025-12-31,762.6,38.13,800.73,Paid
INV000332,CUST0094,SUB00094,2026-01-01,2026-01-31,762.6,38.13,800.73,Paid
INV000333,CUST0094,SUB00094,2026-02-01,2026-03-03,762.6,38.13,800.73,Paid
INV000334,CUST0094,SUB00094,2026-03-01,2026-03-31,762.6,38.13,800.73,Open
INV000335,CUST0094,SUB00094,2026-04-01,2026-05-01,762.6,38.13,800.73,Overdue
INV000336,CUST0094,SUB00094,2026-05-01,2026-05-31,762.6,38.13,800.73,Paid
INV000337,CUST0094,SUB00094,2026-06-01,2026-07-01,762.6,38.13,802.14,Paid
INV000338,CUST0094,SUB00094,2026-07-01,2026-07-31,762.6,38.13,800.73,Paid
INV000339,CUST0095 ,SUB00095,2024-09-01,2024-10-01,4711.38,235.57,4946.95,Paid
INV000340,CUST0095 ,SUB00095,2024-10-01,2024-10-31,-4711.38,-235.57,-4946.95,Open
INV000341,CUST0095 ,SUB00095,2024-11-01,2024-12-01,4711.38,235.57,4946.95,Open
INV000342,CUST0095 ,SUB00095,2024-12-01,,4711.38,235.57,4946.95,Paid
INV000343,CUST0096,SUB00096,2024-07-01,2024-07-31,256.68,12.83,269.51,Paid
INV000344,CUST0096,SUB00096,2024-08-01,2024-08-31,256.68,12.83,269.51,Open
INV000345,CUST0096,SUB00096,2024-09-01,2024-10-01,256.68,12.83,269.51,Paid
INV000346,CUST0096,SUB00096,2024-10-01,2024-10-31,256.68,12.83,269.51,Open
INV000347,CUST0096,SUB00096,2024-11-01,2024-12-01,256.68,12.83,269.51,Open
INV000348,CUST0096,SUB00096,2024-12-01,2024-12-31,256.68,12.83,269.51,Overdue
INV000349,CUST0097 ,SUB00097 ,2026-02-21,2026-03-23,292.35,14.62,306.97,VOID
INV000350,CUST0098,SUB00098,2024-09-01,2024-10-01,604.54,30.23,634.77,Paid
INV000351,CUST0098,SUB00098,2024-10-01,2024-10-31,604.54,30.23,634.77,Paid
INV000352,CUST0098,SUB00098,2024-11-01,2024-12-01,604.54,30.23,634.77,Open
INV000353,CUST0098,SUB00098,2024-12-01,2024-12-31,604.54,30.23,634.77,Open
INV000354,CUST0098,SUB00098,2025-01-01,2025-01-31,604.54,30.23,634.77,paid
INV000355,CUST0098,SUB00098,2025-02-01,2025-03-03,-604.54,-30.23,-634.77,Open
INV000356,CUST0098,SUB00098,2025-03-01,2025-03-31,604.54,30.23,634.77,Open
INV000357,CUST0098,SUB00098,2025-04-01,2025-05-01,604.54,30.23,632.03,Paid
INV000358,CUST0098,SUB00098,2025-05-01,2025-05-31,604.54,30.23,637.93,Paid
INV000359,CUST0098,SUB00098,2025-06-01,2025-07-01,604.54,30.23,634.77,Overdue
INV000360,CUST0098,SUB00098,2025-07-01,2025-07-31,604.54,30.23,634.77,Open
INV000361,CUST0098,SUB00098,2025-08-01,2025-08-31,604.54,30.23,634.77,
INV000362,CUST0098,SUB00098,2025-09-01,2025-10-01,604.54,30.23,634.77,
INV000363,CUST0098,SUB00098,2025-10-01,2025-10-31,604.54,30.23,644.19,void 
INV000364,CUST0098,SUB00098,2025-11-01,2025-10-22,604.54,30.23,634.77,paid
INV000365,CUST0098,SUB00098,2025-12-01,2025-12-31,604.54,30.23,634.77,Open
INV000366,CUST0098,SUB00098,2026-01-01,2026-01-31,604.54,30.23,634.77,paid
INV000367,CUST0099,SUB00099,2025-05-16,2025-06-15,302.78,15.14,317.92,Overdue
INV000368,CUST0100,SUB00100,2025-01-01,2025-01-31,642.57,32.13,674.7,Paid
INV000369,CUST0100,SUB00100,2025-02-01,2025-03-03,642.57,32.13,674.7,Paid
INV000370,CUST0100,SUB00100,2025-03-01,2025-03-31,642.57,32.13,674.7,Open
INV000371,CUST0100,SUB00100,2025-04-01,2025-05-01,642.57,32.13,674.7,Paid
INV000372,CUST0100,SUB00100,2025-05-01,2025-05-31,642.57,32.13,674.7,Open
INV000373,CUST0100,SUB00100,2025-06-01,2025-07-01,642.57,32.13,674.7,VOID
INV000374,CUST0100,SUB00100,2025-07-01,2025-07-31,642.57,32.13,674.7,Paid
INV000375,CUST0101,SUB00101,2026-02-20,2026-03-22,195.48,9.77,205.25,Overdue
INV000376,CUST0102,SUB00102,2024-08-01,2024-08-31,253.58,12.68,266.26,Overdue
INV000377,CUST0102,SUB00102,2024-09-01,2024-10-01,253.58,12.68,266.26,
INV000378,CUST0102,SUB00102,2024-10-01,2024-10-31,253.58,12.68,276.51,Paid
INV000379,CUST0102,SUB00102,2024-11-01,2024-12-01,-253.58,-12.68,-266.26,Paid
INV000380,CUST0102,SUB00102,2024-12-01,2024-12-31,253.58,12.68,266.26,Paid
INV000381,CUST0103 ,SUB00103,2025-05-27,2025-06-26,4453.63,222.68,4676.31,Open
INV000382,CUST0104,SUB00104,2023-10-01,2023-10-31,653.18,32.66,685.84,Paid
INV000383,CUST0104,SUB00104,2023-11-01,2023-12-01,653.18,32.66,685.84,paid
INV000384,CUST0104,SUB00104,2023-12-01,2023-12-31,653.18,32.66,685.84,Paid
INV000385,CUST0104,SUB00104,2024-01-01,2024-01-31,653.18,32.66,685.84,Paid
INV000386,CUST0104,SUB00104,2024-02-01,2024-03-02,653.18,32.66,685.84,Open
INV000387,CUST0104,SUB00104,2024-03-01,2024-03-31,653.18,32.66,685.84,Overdue
INV000388,CUST0104,SUB00104,2024-04-01,2024-05-01,653.18,32.66,685.84,VOID
INV000389,CUST0104,SUB00104,2024-05-01,2024-05-31,653.18,32.66,685.84,Overdue
INV000390,CUST0104,SUB00104,2024-06-01,2024-07-01,653.18,32.66,700.9,Paid
INV000391,CUST0104,SUB00104,2024-07-01,2024-07-31,653.18,32.66,685.84,Paid
INV000392,CUST0104,SUB00104,2024-08-01,2024-08-31,653.18,32.66,685.84,Open
INV000393,CUST0104,SUB00104,2024-09-01,2024-10-01,653.18,32.66,685.84,Open
INV000394,CUST0104,SUB00104,2024-10-01,2024-09-18,653.18,32.66,685.84,Paid
INV000395,CUST0104,SUB00104,2024-11-01,2024-12-01,-653.18,-32.66,-685.84,Open
INV000396,CUST0104,SUB00104,2024-12-01,2024-12-31,653.18,32.66,685.84,Open
INV000397,CUST0105,SUB00105,2025-10-28,2025-11-27,4651.88,232.59,4884.47,Paid
INV000398,CUST0106,SUB00106,2024-09-01,2024-10-01,257.82,12.89,270.71,Paid
INV000399,CUST0106,SUB00106,2024-10-01,2024-10-31,257.82,12.89,270.71,Paid
INV000400,CUST0106,SUB00106,2024-11-01,2024-12-01,257.82,12.89,270.71,Overdue
INV000401,CUST0106,SUB00106,2024-12-01,2024-12-31,257.82,12.89,270.71,paid
INV000402,CUST0107,SUB00107,2025-09-13,2025-09-10,280.97,14.05,295.02,Paid
INV000403,CUST0108,SUB00108,2025-03-15,2025-04-14,1428.39,71.42,1499.81,Paid
INV000404,CUST0109 ,SUB00109,2025-05-17,2025-06-16,4339.87,216.99,4556.86,Paid
INV000405,CUST0110 ,SUB00110,2025-02-14,2025-02-01,260.88,13.04,273.92,
INV000406,CUST0111,SUB00111,2025-04-21,2025-05-21,614.88,30.74,645.62,paid
INV000407,CUST0112,SUB00112,2025-11-09,2025-12-09,687.56,34.38,721.94,Paid
INV000408,CUST0113,SUB00113,2024-07-20,2024-08-19,1145.44,57.27,1202.71,Open
INV000409,CUST0114,SUB00114,2024-06-01,2024-07-01,244.37,12.22,256.59,Paid
INV000410,CUST0114,SUB00114,2024-07-01,2024-07-31,244.37,12.22,256.59,Paid
INV000411,CUST0114,SUB00114,2024-08-01,2024-07-20,244.37,12.22,256.59,Open
INV000412,CUST0114,SUB00114,2024-09-01,2024-10-01,244.37,12.22,256.59,Open
INV000413,CUST0114,SUB00114,2024-10-01,2024-10-31,244.37,12.22,256.59,Paid
INV000414,CUST0114,SUB00114,2024-11-01,,244.37,12.22,256.59,paid
INV000415,CUST0114,SUB00114,2024-12-01,2024-12-31,244.37,12.22,256.59,Paid
INV000416,CUST0115,SUB00115,2025-05-27,,4234.2,211.71,4445.91,Paid
INV000417,CUST0116,SUB00116,2024-10-01,2024-10-31,770.55,38.53,809.08,paid
INV000418,CUST0116,SUB00116,2024-11-01,2024-12-01,770.55,38.53,809.08,Paid
INV000419,CUST0116,SUB00116,2024-12-01,2024-12-31,770.55,38.53,809.08,Paid
INV000420,CUST0117,SUB00117,2024-10-01,2024-10-31,618.09,30.9,648.99,Paid
INV000421,CUST0117,SUB00117,2024-11-01,2024-12-01,618.09,30.9,648.99,Paid
INV000422,CUST0117,SUB00117,2024-12-01,2024-12-31,618.09,30.9,648.99,Overdue
INV000423,CUST0117,SUB00117,2025-01-01,2025-01-31,618.09,30.9,648.99,VOID
INV000424,CUST0117,SUB00117,2025-02-01,2025-03-03,618.09,30.9,631.05,Paid
INV000425,CUST0117,SUB00117,2025-03-01,2025-03-31,-618.09,-30.9,-648.99,Overdue
INV000426,CUST0117,SUB00117,2025-04-01,2025-05-01,618.09,30.9,648.99,paid
INV000427,CUST0117,SUB00117,2025-05-01,2025-05-31,618.09,30.9,648.99,Overdue
INV000428,CUST0117,SUB00117,2025-06-01,2025-07-01,618.09,30.9,648.99,Paid
INV000429,CUST0117,SUB00117,2025-07-01,2025-07-31,618.09,30.9,648.99,Open
INV000430,CUST0117,SUB00117,2025-08-01,2025-08-31,618.09,30.9,648.99,Open
INV000431,CUST0117,SUB00117,2025-09-01,2025-10-01,618.09,30.9,648.99,VOID
INV000432,CUST0118,SUB00118,2025-11-08,2025-12-08,229.68,11.48,241.16,Paid
INV000433,CUST0119,SUB00119,2025-12-25,2026-01-24,4064.33,203.22,4267.55,Paid
INV000434,CUST0120,SUB00120,2025-05-01,2025-05-31,1533.06,76.65,1609.71,Paid
INV000435,CUST0120,SUB00120,2025-06-01,2025-07-01,1533.06,76.65,1609.71,Paid
INV000436,CUST0120,SUB00120,2025-07-01,2025-07-31,1533.06,76.65,1609.71,Open
INV000437,CUST0120,SUB00120,2025-08-01,2025-08-31,1533.06,76.65,1585.33,Paid
INV000438,CUST0120,SUB00120,2025-09-01,2025-10-01,1533.06,76.65,1609.71,
INV000439,CUST0120,SUB00120,2025-10-01,2025-10-31,1533.06,76.65,1609.71,Paid
INV000440,CUST0120,SUB00120,2025-11-01,2025-12-01,1533.06,76.65,1609.71,Overdue
INV000441,CUST0120,SUB00120,2025-12-01,2025-12-31,-1533.06,-76.65,-1609.71,Open
INV000442,CUST0120,SUB00120,2026-01-01,2026-01-31,1533.06,76.65,1609.71,paid
INV000443,CUST0120,SUB00120,2026-02-01,2026-03-03,1533.06,76.65,1609.71,Paid
INV000444,CUST0120,SUB00120,2026-03-01,2026-03-31,1533.06,76.65,1609.71,Paid
INV000445,CUST0120,SUB00120,2026-04-01,2026-05-01,1533.06,76.65,1609.71,Open
INV000446,CUST0120,SUB00120,2026-05-01,2026-05-31,1533.06,76.65,1609.71,Open
INV000447,CUST0120,SUB00120,2026-06-01,2026-07-01,1533.06,76.65,1609.71,Open
INV000448,CUST0120,SUB00120,2026-07-01,2026-07-31,1533.06,76.65,1609.71,Paid
INV000449,CUST0120,SUB00120,2026-08-01,2026-08-31,1533.06,76.65,1609.71,Overdue
INV000450,CUST0120,SUB00120,2026-09-01,2026-10-01,1533.06,76.65,1610.87,
INV000451,CUST0120,SUB00120,2026-10-01,2026-10-31,1533.06,76.65,1609.71,Paid
INV000452,CUST0121,SUB00121,2024-09-01,2024-10-01,200.27,10.01,210.28,Open
INV000453,CUST0121,SUB00121,2024-10-01,,200.27,10.01,210.28,Open
INV000454,CUST0121,SUB00121,2024-11-01,2024-12-01,200.27,10.01,220.92,Paid
INV000455,CUST0121,SUB00121,2024-12-01,2024-12-31,200.27,10.01,210.28,Open
INV000456,CUST0122,SUB00122,2024-05-01,2024-05-31,661.94,33.1,695.04,paid
INV000457,CUST0122,SUB00122,2024-06-01,2024-07-01,661.94,33.1,695.04,Paid
INV000458,CUST0122,SUB00122,2024-07-01,2024-07-31,661.94,33.1,695.04,Open
INV000459,CUST0122,SUB00122,2024-08-01,2024-08-31,661.94,33.1,695.04,Overdue
INV000460,CUST0122,SUB00122,2024-09-01,2024-10-01,661.94,33.1,695.04,paid
INV000461,CUST0122,SUB00122,2024-10-01,2024-10-31,661.94,33.1,695.04,Open
INV000462,CUST0122,SUB00122,2024-11-01,2024-12-01,661.94,33.1,672.83,VOID
INV000463,CUST0122,SUB00122,2024-12-01,2024-12-31,661.94,33.1,695.04,Paid
INV000464,CUST0123,SUB00123,2024-10-01,2024-10-31,251.09,12.55,263.64,Paid
INV000465,CUST0123,SUB00123,2024-11-01,2024-10-22,251.09,12.55,263.64,Paid
INV000466,CUST0123,SUB00123,2024-12-01,2024-12-31,251.09,12.55,263.64,Paid
INV000467,CUST0124,SUB00124,2024-11-01,2024-12-01,279.67,13.98,293.65,Paid
INV000468,CUST0124,SUB00124,2024-12-01,2024-12-31,279.67,13.98,293.65,Paid
INV000469,CUST0125 ,SUB00125,2025-07-21,2025-08-20,-243.83,-12.19,-256.02,Paid
INV000470,CUST0126,SUB00126,2024-11-01,2024-12-01,273.25,13.66,286.91,Paid
INV000471,CUST0126,SUB00126,2024-12-01,2024-12-31,273.25,13.66,286.91,Overdue
INV000472,CUST0127,SUB00127,2024-12-01,2024-12-31,302.82,15.14,317.96,paid
INV000473,CUST0128,SUB00128,2026-03-14,2026-04-13,253.61,12.68,266.29,Open
INV000474,CUST0129,SUB00129,2025-06-15,2025-07-15,-3311.74,-165.59,-3477.33,paid
INV000475,CUST0130,SUB00130,2025-12-22,2026-01-21,575.77,28.79,604.56,Overdue
INV000476,CUST0131,SUB00131,2024-06-01,2024-07-01,505.5,25.28,530.78,Paid
INV000477,CUST0131,SUB00131,2024-07-01,2024-07-31,505.5,25.28,530.78,Paid
INV000478,CUST0131,SUB00131,2024-08-01,2024-08-31,505.5,25.28,530.78,Paid
INV000479,CUST0131,SUB00131,2024-09-01,2024-10-01,505.5,25.28,530.78,Overdue
INV000480,CUST0131,SUB00131,2024-10-01,2024-10-31,505.5,25.28,530.78,paid
INV000481,CUST0131,SUB00131,2024-11-01,2024-12-01,505.5,25.28,530.78,Paid
INV000482,CUST0131,SUB00131,2024-12-01,2024-12-31,505.5,25.28,530.78,Overdue
INV000483,CUST0132,SUB00132,2026-03-01,2026-03-31,835.71,41.79,877.5,Paid
INV000484,CUST0133,SUB00133,2025-06-12,2025-07-12,3517.57,175.88,3693.45,paid
INV000485,CUST0134,SUB00134,2025-07-17,2025-08-16,562.06,28.1,590.16,Open
INV000486,CUST0135,SUB00135,2025-06-05,2025-07-05,-253.28,-12.66,-265.94,Open
INV000487,CUST0136,SUB00136 ,2024-05-01,2024-05-31,858.78,42.94,901.72,Open
INV000488,CUST0136,SUB00136 ,2024-06-01,2024-07-01,858.78,42.94,901.72,paid
INV000489,CUST0136,SUB00136 ,2024-07-01,2024-07-31,858.78,42.94,901.72,Overdue
INV000490,CUST0136,SUB00136 ,2024-08-01,2024-08-31,858.78,42.94,901.72,Paid
INV000491,CUST0136,SUB00136 ,2024-09-01,2024-08-27,858.78,42.94,901.72,Paid
INV000492,CUST0136,SUB00136 ,2024-10-01,2024-10-31,858.78,42.94,901.72,Overdue
INV000493,CUST0136,SUB00136 ,2024-11-01,2024-12-01,858.78,42.94,901.72,paid
INV000494,CUST0136,SUB00136 ,2024-12-01,2024-12-31,858.78,42.94,901.72,Overdue
INV000495,CUST0137,SUB00137,2026-03-06,2026-04-05,1308.7,65.44,1374.14,Paid
INV000496,CUST0138,SUB00138,2024-05-01,2024-05-31,1263.72,63.19,1326.91,paid
INV000497,CUST0138,SUB00138,2024-06-01,2024-07-01,1263.72,63.19,1326.91,Open
INV000498,CUST0138,SUB00138,2024-07-01,2024-07-31,1263.72,63.19,1326.91,paid
INV000499,CUST0138,SUB00138,2024-08-01,2024-08-31,1263.72,63.19,1326.91,paid
INV000500,CUST0138,SUB00138,2024-09-01,,-1263.72,-63.19,-1326.91,
INV000501,CUST0138,SUB00138,2024-10-01,2024-09-28,1263.72,63.19,1326.91,void 
INV000502,CUST0138,SUB00138,2024-11-01,2024-12-01,1263.72,63.19,1326.91,Paid
INV000503,CUST0138,SUB00138,2024-12-01,2024-12-31,1263.72,63.19,1326.91,Paid
INV000504,CUST0139,SUB00139,2026-01-27,2026-02-26,713.21,35.66,748.87,Open
INV000505,CUST0140,SUB00140,2024-06-01,2024-07-01,184.54,9.23,193.77,paid
INV000506,CUST0140,SUB00140,2024-07-01,2024-07-31,184.54,9.23,194.72,
INV000507,CUST0140,SUB00140,2024-08-01,2024-08-31,184.54,9.23,193.77,Overdue
INV000508,CUST0140,SUB00140,2024-09-01,2024-10-01,184.54,9.23,193.77,Open
INV000509,CUST0140,SUB00140,2024-10-01,2024-10-31,184.54,9.23,193.77,Paid
INV000510,CUST0140,SUB00140,2024-11-01,2024-12-01,184.54,9.23,193.77,paid
INV000511,CUST0140,SUB00140,2024-12-01,2024-12-31,184.54,9.23,193.77,Open
INV000512,CUST0141,SUB00141 ,2024-05-01,2024-05-31,622.44,31.12,653.56,Paid
INV000513,CUST0141,SUB00141 ,2024-06-01,2024-07-01,622.44,31.12,653.56,Open
INV000514,CUST0141,SUB00141 ,2024-07-01,2024-07-31,622.44,31.12,653.56,Paid
INV000515,CUST0141,SUB00141 ,2024-08-01,2024-08-31,622.44,31.12,653.56,Paid
INV000516,CUST0141,SUB00141 ,2024-09-01,2024-10-01,622.44,31.12,653.56,Paid
INV000517,CUST0141,SUB00141 ,2024-10-01,2024-10-31,622.44,31.12,653.56,Paid
INV000518,CUST0141,SUB00141 ,2024-11-01,2024-12-01,622.44,31.12,653.56,Paid
INV000519,CUST0141,SUB00141 ,2024-12-01,2024-11-26,622.44,31.12,653.56,Overdue
INV000520,CUST0142 ,SUB00142,2024-05-01,2024-05-31,673.79,33.69,707.48,Paid
INV000521,CUST0142 ,SUB00142,2024-06-01,2024-07-01,673.79,33.69,707.48,paid
INV000522,CUST0142 ,SUB00142,2024-07-01,2024-07-31,673.79,33.69,707.48,Paid
INV000523,CUST0142 ,SUB00142,2024-08-01,2024-08-31,673.79,33.69,707.48,Paid
INV000524,CUST0142 ,SUB00142,2024-09-01,2024-08-22,673.79,33.69,707.48,Open
INV000525,CUST0142 ,SUB00142,2024-10-01,2024-10-31,673.79,33.69,707.48,Paid
INV000526,CUST0142 ,SUB00142,2024-11-01,2024-12-01,673.79,33.69,707.48,paid
INV000527,CUST0142 ,SUB00142,2024-12-01,2024-12-31,673.79,33.69,707.48,paid
INV000528,CUST0143,SUB00143,2025-08-02,2025-09-01,628.36,31.42,659.78,Open
INV000529,CUST0144,SUB00144,2025-03-05,2025-04-04,1825.7,91.29,1916.99,Overdue
INV000530,CUST0145,SUB00145,2024-07-01,2024-07-31,641.56,32.08,673.64,Paid
INV000531,CUST0145,SUB00145,2024-08-01,2024-08-31,641.56,32.08,673.64,Paid
INV000532,CUST0145,SUB00145,2024-09-01,2024-10-01,641.56,32.08,673.64,Paid
INV000533,CUST0145,SUB00145,2024-10-01,2024-10-31,641.56,32.08,673.64,Open
INV000534,CUST0145,SUB00145,2024-11-01,2024-12-01,641.56,32.08,673.79,VOID
INV000535,CUST0145,SUB00145,2024-12-01,,641.56,32.08,673.64,Overdue
INV000536,CUST0146,SUB00146,2025-07-15,2025-08-14,258.57,12.93,271.5,paid
INV000537,CUST0147,SUB00147,2026-03-01,2026-02-20,3835.94,191.8,4027.74,VOID
INV000538,CUST0147,SUB00147,2026-04-01,2026-05-01,3835.94,191.8,4027.74,Paid
INV000539,CUST0147,SUB00147,2026-05-01,2026-05-31,3835.94,191.8,4027.74,Overdue
INV000540,CUST0147,SUB00147,2026-06-01,2026-07-01,3835.94,191.8,4027.74,Open
INV000541,CUST0147,SUB00147,2026-07-01,2026-07-31,3835.94,191.8,4027.74,VOID
INV000542,CUST0147,SUB00147,2026-08-01,2026-08-31,3835.94,191.8,4027.74,Paid
INV000543,CUST0147,SUB00147,2026-09-01,2026-10-01,3835.94,191.8,4027.74,paid
INV000544,CUST0147,SUB00147,2026-10-01,2026-10-31,-3835.94,-191.8,-4027.74,Paid
INV000545,CUST0147,SUB00147,2026-11-01,2026-12-01,3835.94,191.8,4027.74,Paid
INV000546,CUST0147,SUB00147,2026-12-01,2026-12-31,3835.94,191.8,4027.74,paid
INV000547,CUST0147,SUB00147,2027-01-01,2026-12-30,3835.94,191.8,4027.74,Open
INV000548,CUST0147,SUB00147,2027-02-01,2027-03-03,3835.94,191.8,4027.74,
INV000549,CUST0147,SUB00147,2027-03-01,2027-03-31,3835.94,191.8,4027.74,Paid
INV000550,CUST0147,SUB00147,2027-04-01,2027-05-01,3835.94,191.8,4027.74,Open
INV000551,CUST0147,SUB00147,2027-05-01,2027-05-31,-3835.94,-191.8,-4027.74,Paid
INV000552,CUST0147,SUB00147,2027-06-01,2027-07-01,3835.94,191.8,4027.74,
INV000553,CUST0148,SUB00148,2024-09-01,2024-10-01,1453.98,72.7,1526.68,Open
INV000554,CUST0148,SUB00148,2024-10-01,2024-10-31,1453.98,72.7,1526.68,Paid
INV000555,CUST0148,SUB00148,2024-11-01,2024-12-01,1453.98,72.7,1526.68,Paid
INV000556,CUST0148,SUB00148,2024-12-01,2024-12-31,1453.98,72.7,1526.68,Open
INV000557,CUST0148,SUB00148,2025-01-01,2025-01-31,1453.98,72.7,1529.92,Paid
INV000558,CUST0148,SUB00148,2025-02-01,2025-03-03,1453.98,72.7,1526.68,Paid
INV000559,CUST0149,SUB00149,2026-02-03,2026-03-05,1449.82,72.49,1525.15,Open
INV000560,CUST0150,SUB00150,2025-09-27,2025-10-27,296.5,14.83,311.33,Open
INV000561,CUST0151,SUB00151,2025-09-27,2025-10-27,202.28,10.11,212.39,Paid
INV000562,CUST0152 ,SUB00152,2025-08-19,2025-09-18,1076.96,53.85,1130.81,Open
INV000563,CUST0153,SUB00153,2024-08-01,2024-08-31,263.68,13.18,286.69,void 
INV000564,CUST0153,SUB00153,2024-09-01,2024-10-01,263.68,13.18,276.86,Paid
INV000565,CUST0153,SUB00153,2024-10-01,2024-10-31,263.68,13.18,276.86,
INV000566,CUST0153,SUB00153,2024-11-01,2024-12-01,263.68,13.18,276.86,Open
INV000567,CUST0153,SUB00153,2024-12-01,2024-12-31,263.68,13.18,276.86,Open
INV000568,CUST0153,SUB00153,2025-01-01,2025-01-31,263.68,13.18,276.86,Paid
INV000569,CUST0153,SUB00153,2025-02-01,2025-03-03,263.68,13.18,276.86,Overdue
INV000570,CUST0153,SUB00153,2025-03-01,2025-03-31,263.68,13.18,276.86,paid
INV000571,CUST0153,SUB00153,2025-04-01,2025-05-01,263.68,13.18,276.86,Paid
INV000572,CUST0153,SUB00153,2025-05-01,2025-05-31,263.68,13.18,276.86,Paid
INV000573,CUST0153,SUB00153,2025-06-01,2025-07-01,263.68,13.18,276.86,Overdue
INV000574,CUST0153,SUB00153,2025-07-01,2025-07-31,263.68,13.18,276.86,
INV000575,CUST0153,SUB00153,2025-08-01,2025-08-31,263.68,13.18,271.72,void 
INV000576,CUST0153,SUB00153,2025-09-01,2025-10-01,263.68,13.18,276.86,Paid
INV000577,CUST0153,SUB00153,2025-10-01,2025-10-31,263.68,13.18,276.86,Paid
INV000578,CUST0153,SUB00153,2025-11-01,2025-12-01,263.68,13.18,276.86,Paid
INV000579,CUST0154,SUB00154,2023-12-01,2023-12-31,595.49,29.77,625.26,Paid
INV000580,CUST0154,SUB00154,2024-01-01,2024-01-31,595.49,29.77,625.26,paid
INV000581,CUST0154,SUB00154,2024-02-01,2024-03-02,595.49,29.77,625.26,Open
INV000582,CUST0154,SUB00154,2024-03-01,2024-03-31,595.49,29.77,625.26,Open
INV000583,CUST0154,SUB00154,2024-04-01,2024-05-01,595.49,29.77,625.26,Paid
INV000584,CUST0154,SUB00154,2024-05-01,2024-05-31,595.49,29.77,625.26,Open
INV000585,CUST0154,SUB00154,2024-06-01,2024-07-01,595.49,29.77,625.26,void 
INV000586,CUST0154,SUB00154,2024-07-01,2024-07-31,595.49,29.77,625.26,Open
INV000587,CUST0154,SUB00154,2024-08-01,2024-08-31,595.49,29.77,625.26,Paid
INV000588,CUST0154,SUB00154,2024-09-01,2024-10-01,595.49,29.77,625.26,paid
INV000589,CUST0154,SUB00154,2024-10-01,2024-10-31,595.49,29.77,625.26,void 
INV000590,CUST0154,SUB00154,2024-11-01,2024-12-01,595.49,29.77,625.26,VOID
INV000591,CUST0154,SUB00154,2024-12-01,2024-12-31,595.49,29.77,625.26,Open
INV000592,CUST0155,SUB00155,2025-01-15,2025-02-14,280.71,14.04,294.75,Paid
INV000593,CUST0156,SUB00156,2025-11-01,2025-12-01,604.16,30.21,634.37,paid
INV000594,CUST0156,SUB00156,2025-12-01,2025-12-31,604.16,30.21,634.37,paid
INV000595,CUST0156,SUB00156,2026-01-01,2026-01-31,604.16,30.21,634.37,Paid
INV000596,CUST0156,SUB00156,2026-02-01,2026-03-03,604.16,30.21,634.37,paid
INV000597,CUST0156,SUB00156,2026-03-01,2026-03-31,604.16,30.21,634.37,Open
INV000598,CUST0156,SUB00156,2026-04-01,2026-05-01,604.16,30.21,634.37,Paid
INV000599,CUST0156,SUB00156,2026-05-01,2026-05-31,604.16,30.21,634.37,Paid
INV000600,CUST0156,SUB00156,2026-06-01,2026-07-01,604.16,30.21,634.37,Paid
INV000601,CUST0156,SUB00156,2026-07-01,,604.16,30.21,634.37,Open
INV000602,CUST0156,SUB00156,2026-08-01,2026-08-31,604.16,30.21,634.37,Open
INV000603,CUST0156,SUB00156,2026-09-01,2026-08-19,604.16,30.21,634.37,
INV000604,CUST0156,SUB00156,2026-10-01,2026-10-31,604.16,30.21,634.37,paid
INV000605,CUST0156,SUB00156,2026-11-01,2026-12-01,604.16,30.21,634.37,paid
INV000606,CUST0156,SUB00156,2026-12-01,2026-12-31,604.16,30.21,634.37,paid
INV000607,CUST0156,SUB00156,2027-01-01,2027-01-31,604.16,30.21,634.37,Paid
INV000608,CUST0156,SUB00156,2027-02-01,2027-01-29,604.16,30.21,634.37,Paid
INV000609,CUST0156,SUB00156,2027-03-01,2027-03-31,604.16,30.21,634.37,Paid
INV000610,CUST0157,SUB00157,2024-08-01,2024-08-31,1474.94,73.75,1548.69,VOID
INV000611,CUST0157,SUB00157,2024-09-01,2024-10-01,1474.94,73.75,1548.69,Open
INV000612,CUST0157,SUB00157,2024-10-01,2024-10-31,1474.94,73.75,1548.69,Open
INV000613,CUST0157,SUB00157,2024-11-01,2024-12-01,-1474.94,-73.75,-1548.69,Open
INV000614,CUST0157,SUB00157,2024-12-01,2024-12-31,1474.94,73.75,1548.69,paid
INV000615,CUST0158,SUB00158,2025-07-01,2025-07-31,810.03,40.5,850.53,Paid
INV000616,CUST0158,SUB00158,2025-08-01,2025-08-31,810.03,40.5,850.53,Open
INV000617,CUST0158,SUB00158,2025-09-01,2025-10-01,810.03,40.5,850.53,Paid
INV000618,CUST0158,SUB00158,2025-10-01,2025-10-31,810.03,40.5,850.53,Overdue
INV000619,CUST0158,SUB00158,2025-11-01,2025-12-01,810.03,40.5,850.53,Paid
INV000620,CUST0158,SUB00158,2025-12-01,2025-12-31,810.03,40.5,850.53,Open
INV000621,CUST0158,SUB00158,2026-01-01,2025-12-26,810.03,40.5,850.53,VOID
INV000622,CUST0158,SUB00158,2026-02-01,2026-03-03,810.03,40.5,850.53,Overdue
INV000623,CUST0158,SUB00158,2026-03-01,2026-03-31,810.03,40.5,850.53,Overdue
INV000624,CUST0158,SUB00158,2026-04-01,2026-05-01,810.03,40.5,850.53,Open
INV000625,CUST0158,SUB00158,2026-05-01,2026-05-31,-810.03,-40.5,-850.53,Paid
INV000626,CUST0159,SUB00159,2025-12-27,2026-01-26,1316.42,65.82,1382.24,Paid
INV000627,CUST0160,SUB00160,2025-07-24,2025-08-23,240.92,12.05,252.97,Paid
INV000628,CUST0161,SUB00161,2025-03-05,2025-04-04,789.9,39.5,829.4,Open
INV000629,CUST0162,SUB00162,2025-05-03,2025-06-02,842.43,42.12,884.55,Paid
INV000630,CUST0163,SUB00163,2025-06-01,2025-07-01,695.91,34.8,730.71,Paid
INV000631,CUST0163,SUB00163,2025-07-01,2025-07-31,695.91,34.8,730.71,Paid
INV000632,CUST0163,SUB00163,2025-08-01,2025-08-31,695.91,34.8,730.71,Paid
INV000633,CUST0163,SUB00163,2025-09-01,2025-10-01,695.91,34.8,730.71,Paid
INV000634,CUST0163,SUB00163,2025-10-01,2025-10-31,695.91,34.8,730.71,Paid
INV000635,CUST0163,SUB00163,2025-11-01,2025-12-01,695.91,34.8,730.71,Paid
INV000636,CUST0164,SUB00164,2025-02-01,2025-03-03,3965.47,198.27,4163.74,Open
INV000637,CUST0164,SUB00164,2025-03-01,2025-03-31,3965.47,198.27,4163.74,Paid
INV000638,CUST0164,SUB00164,2025-04-01,2025-05-01,3965.47,198.27,4163.74,Paid
INV000639,CUST0164,SUB00164,2025-05-01,2025-05-31,3965.47,198.27,4163.74,paid
INV000640,CUST0164,SUB00164,2025-06-01,2025-07-01,3965.47,198.27,4163.74,paid
INV000641,CUST0164,SUB00164,2025-07-01,2025-07-31,3965.47,198.27,4163.74,Paid
INV000642,CUST0165,SUB00165,2025-06-08,2025-07-08,842.65,42.13,884.78,Paid
INV000643,CUST0166,SUB00166,2024-07-01,2024-07-31,717.63,35.88,753.51,Paid
INV000644,CUST0166,SUB00166,2024-08-01,2024-08-31,717.63,35.88,753.51,Paid
INV000645,CUST0166,SUB00166,2024-09-01,2024-10-01,717.63,35.88,753.51,Paid
INV000646,CUST0166,SUB00166,2024-10-01,2024-09-17,717.63,35.88,744.12,Paid
INV000647,CUST0166,SUB00166,2024-11-01,2024-12-01,717.63,35.88,753.51,Open
INV000648,CUST0166,SUB00166,2024-12-01,2024-12-31,717.63,35.88,753.51,Open
INV000649,CUST0166,SUB00166,2025-01-01,2025-01-31,717.63,35.88,753.51,paid
INV000650,CUST0166,SUB00166,2025-02-01,2025-03-03,717.63,35.88,753.51,Paid
INV000651,CUST0166,SUB00166,2025-03-01,2025-03-31,717.63,35.88,753.51,Paid
INV000652,CUST0166,SUB00166,2025-04-01,2025-05-01,717.63,35.88,753.51,Open
INV000653,CUST0166,SUB00166,2025-05-01,2025-05-31,-717.63,-35.88,-753.51,Paid
INV000654,CUST0166,SUB00166,2025-06-01,2025-07-01,717.63,35.88,753.51,
INV000655,CUST0167,SUB00167,2025-09-01,2025-10-01,259.0,12.95,271.95,Open
INV000656,CUST0167,SUB00167,2025-10-01,2025-10-31,259.0,12.95,271.95,Paid
INV000657,CUST0167,SUB00167,2025-11-01,2025-12-01,259.0,12.95,271.95,Paid
INV000658,CUST0167,SUB00167,2025-12-01,2025-12-31,259.0,12.95,271.95,VOID
INV000659,CUST0167,SUB00167,2026-01-01,2026-01-31,259.0,12.95,271.95,Open
INV000660,CUST0167,SUB00167,2026-02-01,2026-03-03,259.0,12.95,271.95,
INV000661,CUST0167,SUB00167,2026-03-01,2026-03-31,259.0,12.95,271.95,Paid
INV000662,CUST0167,SUB00167,2026-04-01,2026-05-01,259.0,12.95,271.95,Paid
INV000663,CUST0167,SUB00167,2026-05-01,2026-05-31,259.0,12.95,271.95,Paid
INV000664,CUST0167,SUB00167,2026-06-01,2026-07-01,259.0,12.95,271.95,paid
INV000665,CUST0168,SUB00168,2023-11-01,2023-12-01,235.28,11.76,247.04,Open
INV000666,CUST0168,SUB00168,2023-12-01,2023-12-31,235.28,11.76,247.04,Paid
INV000667,CUST0168,SUB00168,2024-01-01,2024-01-31,235.28,11.76,247.04,paid
INV000668,CUST0168,SUB00168,2024-02-01,2024-03-02,235.28,11.76,247.04,paid
INV000669,CUST0168,SUB00168,2024-03-01,2024-03-31,235.28,11.76,247.04,Open
INV000670,CUST0168,SUB00168,2024-04-01,2024-05-01,235.28,11.76,247.04,VOID
INV000671,CUST0168,SUB00168,2024-05-01,2024-05-31,235.28,11.76,247.04,void 
INV000672,CUST0168,SUB00168,2024-06-01,2024-07-01,235.28,11.76,247.04,Open
INV000673,CUST0168,SUB00168,2024-07-01,2024-07-31,-235.28,-11.76,-247.04,Paid
INV000674,CUST0168,SUB00168,2024-08-01,2024-08-31,235.28,11.76,247.04,Paid
INV000675,CUST0168,SUB00168,2024-09-01,2024-10-01,235.28,11.76,247.04,void 
INV000676,CUST0168,SUB00168,2024-10-01,2024-10-31,235.28,11.76,247.04,Paid
INV000677,CUST0168,SUB00168,2024-11-01,2024-12-01,235.28,11.76,247.04,Paid
INV000678,CUST0168,SUB00168,2024-12-01,2024-12-31,235.28,11.76,247.04,Open
INV000679,CUST0169,SUB00169,2025-06-02,2025-07-02,703.99,35.2,739.19,Paid
INV000680,CUST0171,SUB00171,2025-03-01,2025-03-31,550.12,27.51,577.63,Open
INV000681,CUST0172,SUB00172,2025-04-01,2025-05-01,1577.06,78.85,1655.91,paid
INV000682,CUST0172,SUB00172,2025-05-01,2025-05-31,1577.06,78.85,1655.91,Paid
INV000683,CUST0172,SUB00172,2025-06-01,2025-07-01,1577.06,78.85,1655.91,Paid
INV000684,CUST0172,SUB00172,2025-07-01,2025-07-31,1577.06,78.85,1655.91,paid
INV000685,CUST0172,SUB00172,2025-08-01,2025-07-25,1577.06,78.85,1655.91,Overdue
INV000686,CUST0172,SUB00172,2025-09-01,2025-10-01,1577.06,78.85,1655.91,Paid
INV000687,CUST0172,SUB00172,2025-10-01,2025-10-31,1577.06,78.85,1655.91,Paid
INV000688,CUST0172,SUB00172,2025-11-01,2025-12-01,1577.06,78.85,1655.91,Paid
INV000689,CUST0172,SUB00172,2025-12-01,2025-12-31,1577.06,78.85,1655.91,paid
INV000690,CUST0172,SUB00172,2026-01-01,2026-01-31,1577.06,78.85,1655.91,paid
INV000691,CUST0172,SUB00172,2026-02-01,2026-03-03,1577.06,78.85,1655.91,Open
INV000692,CUST0173,SUB00173,2025-07-01,2025-07-31,1683.4,84.17,1767.57,VOID
INV000693,CUST0174,SUB00174,2024-12-01,2024-12-31,4352.02,217.6,4569.62,Open
INV000694,CUST0174,SUB00174,2025-01-01,2025-01-31,4352.02,217.6,4569.62,Overdue
INV000695,CUST0174,SUB00174,2025-02-01,2025-03-03,4352.02,217.6,4569.62,void 
INV000696,CUST0174,SUB00174,2025-03-01,2025-03-31,4352.02,217.6,4569.62,VOID
INV000697,CUST0174,SUB00174,2025-04-01,2025-05-01,4352.02,217.6,4569.62,Overdue
INV000698,CUST0174,SUB00174,2025-05-01,2025-05-31,4352.02,217.6,4569.62,Paid
INV000699,CUST0174,SUB00174,2025-06-01,2025-07-01,4352.02,217.6,4569.62,Open
INV000700,CUST0174,SUB00174,2025-07-01,2025-07-31,4352.02,217.6,4569.62,paid
INV000701,CUST0174,SUB00174,2025-08-01,2025-08-31,4352.02,217.6,4569.62,Paid
INV000702,CUST0174,SUB00174,2025-09-01,2025-10-01,-4352.02,-217.6,-4569.62,Paid
INV000703,CUST0174,SUB00174,2025-10-01,2025-10-31,-4352.02,-217.6,-4569.62,Open
INV000704,CUST0174,SUB00174,2025-11-01,2025-12-01,4352.02,217.6,4569.62,paid
INV000705,CUST0174,SUB00174,2025-12-01,2025-12-31,4352.02,217.6,4569.62,paid
INV000706,CUST0174,SUB00174,2026-01-01,2026-01-31,4352.02,217.6,4569.62,void 
INV000707,CUST0175,SUB00175,2026-01-16,2026-02-15,221.88,11.09,232.97,Open
INV000708,CUST0176,SUB00176,2024-07-01,2024-06-28,3706.78,185.34,3892.12,Paid
INV000709,CUST0176,SUB00176,2024-08-01,2024-08-31,3706.78,185.34,3892.12,Open
INV000710,CUST0176,SUB00176,2024-09-01,2024-10-01,3706.78,185.34,3892.12,Paid
INV000711,CUST0176,SUB00176,2024-10-01,2024-10-31,3706.78,185.34,3892.12,paid
INV000712,CUST0176,SUB00176,2024-11-01,2024-12-01,3706.78,185.34,3892.12,Paid
INV000713,CUST0176,SUB00176,2024-12-01,2024-12-31,3706.78,185.34,3868.77,Open
INV000714,CUST0177,SUB00177,2026-03-07,2026-04-06,549.02,27.45,576.47,Paid
INV000715,CUST0178,SUB00178,2025-03-13,2025-04-12,264.31,13.22,277.53,Open
INV000716,CUST0179,SUB00179,2026-01-26,2026-02-25,796.39,39.82,836.21,Paid
INV000717,CUST0180,SUB00180,2024-11-01,2024-12-01,822.24,41.11,863.35,void 
INV000718,CUST0180,SUB00180,2024-12-01,2024-12-31,822.24,41.11,863.35,
INV000719,CUST0181,SUB00181,2026-02-26,2026-03-28,798.74,39.94,838.68,paid
INV000720,CUST0182,SUB00182,2025-08-07,2025-09-06,598.2,29.91,628.11,Paid
INV000721,CUST0183,SUB00183,2024-06-01,2024-07-01,256.12,12.81,268.93,void 
INV000722,CUST0183,SUB00183,2024-07-01,2024-07-31,256.12,12.81,268.93,paid
INV000723,CUST0183,SUB00183,2024-08-01,2024-07-19,256.12,12.81,268.93,paid
INV000724,CUST0183,SUB00183,2024-09-01,2024-10-01,256.12,12.81,268.93,Paid
INV000725,CUST0183,SUB00183,2024-10-01,2024-10-31,256.12,12.81,268.93,Paid
INV000726,CUST0183,SUB00183,2024-11-01,2024-12-01,256.12,12.81,268.93,Paid
INV000727,CUST0183,SUB00183,2024-12-01,2024-12-31,256.12,12.81,248.09,Overdue
INV000728,CUST0184,SUB00184,2025-12-11,2026-01-10,-1507.7,-75.39,-1583.09,Open
INV000729,CUST0185,SUB00185,2025-08-01,2025-08-31,1089.87,54.49,1144.36,
INV000730,CUST0185,SUB00185,2025-09-01,2025-10-01,1089.87,54.49,1144.36,Paid
INV000731,CUST0185,SUB00185,2025-10-01,2025-10-31,1089.87,54.49,1144.36,Paid
INV000732,CUST0185,SUB00185,2025-11-01,2025-12-01,1089.87,54.49,1144.36,
INV000733,CUST0185,SUB00185,2025-12-01,2025-12-31,1089.87,54.49,1144.36,Overdue
INV000734,CUST0186,SUB00186,2025-02-27,2025-02-15,258.26,12.91,271.17,Open
INV000735,CUST0187,SUB00187,2025-05-19,2025-06-18,662.74,33.14,695.88,paid
INV000736,CUST0188,SUB00188,2025-09-01,2025-10-01,631.99,31.6,663.59,Overdue
INV000737,CUST0188,SUB00188,2025-10-01,2025-10-31,631.99,31.6,663.59,Paid
INV000738,CUST0188,SUB00188,2025-11-01,2025-12-01,631.99,31.6,663.59,Paid
INV000739,CUST0188,SUB00188,2025-12-01,2025-12-31,631.99,31.6,663.59,Paid
INV000740,CUST0188,SUB00188,2026-01-01,2026-01-31,631.99,31.6,663.59,paid
INV000741,CUST0188,SUB00188,2026-02-01,2026-03-03,631.99,31.6,663.59,Open
INV000742,CUST0188,SUB00188,2026-03-01,2026-03-31,631.99,31.6,663.59,Open
INV000743,CUST0189,SUB00189,2026-03-15,2026-04-14,691.94,34.6,726.54,Paid
INV000744,CUST0190,SUB00190,2025-07-14,2025-08-13,1762.02,88.1,1850.12,Paid
INV000745,CUST0191,SUB00191,2024-12-01,2024-12-31,1449.03,72.45,1521.48,Paid
INV000746,CUST0192,SUB00192,2024-12-01,2024-12-31,-288.59,-14.43,-303.02,Paid
INV000747,CUST0193,SUB00193 ,2026-02-01,2026-03-03,805.5,40.28,845.78,void 
INV000748,CUST0193,SUB00193 ,2026-03-01,2026-03-31,805.5,40.28,842.48,Overdue
INV000749,CUST0193,SUB00193 ,2026-04-01,2026-05-01,805.5,40.28,845.78,paid
INV000750,CUST0193,SUB00193 ,2026-05-01,2026-05-31,805.5,40.28,845.78,Paid
INV000751,CUST0193,SUB00193 ,2026-06-01,2026-07-01,-805.5,-40.28,-845.78,paid
INV000752,CUST0193,SUB00193 ,2026-07-01,,805.5,40.28,845.78,Paid
INV000753,CUST0193,SUB00193 ,2026-08-01,2026-08-31,805.5,40.28,845.78,Paid
INV000754,CUST0193,SUB00193 ,2026-09-01,2026-10-01,805.5,40.28,845.78,Open
INV000755,CUST0193,SUB00193 ,2026-10-01,2026-10-31,805.5,40.28,845.78,Open
INV000756,CUST0193,SUB00193 ,2026-11-01,2026-12-01,805.5,40.28,845.78,Open
INV000757,CUST0193,SUB00193 ,2026-12-01,2026-12-31,805.5,40.28,845.78,Open
INV000758,CUST0193,SUB00193 ,2027-01-01,2027-01-31,805.5,40.28,845.78,
INV000759,CUST0193,SUB00193 ,2027-02-01,2027-03-03,805.5,40.28,845.78,paid
INV000760,CUST0193,SUB00193 ,2027-03-01,2027-03-31,805.5,40.28,845.78,Open
INV000761,CUST0193,SUB00193 ,2027-04-01,2027-05-01,805.5,40.28,845.78,Paid
INV000762,CUST0193,SUB00193 ,2027-05-01,2027-05-31,-805.5,-40.28,-845.78,Paid
INV000763,CUST0194,SUB00194,2026-02-21,2026-03-23,229.56,11.48,241.04,VOID
INV000764,CUST0195,SUB00195,2026-02-03,2026-03-05,4177.73,208.89,4386.62,Paid
INV000765,CUST0196 ,SUB00196,2023-09-01,2023-10-01,699.44,34.97,734.41,Paid
INV000766,CUST0196 ,SUB00196,2023-10-01,2023-10-31,699.44,34.97,734.41,Open
INV000767,CUST0196 ,SUB00196,2023-11-01,2023-10-26,699.44,34.97,734.41,Open
INV000768,CUST0196 ,SUB00196,2023-12-01,2023-12-31,699.44,34.97,734.41,void 
INV000769,CUST0196 ,SUB00196,2024-01-01,2024-01-31,-699.44,-34.97,-724.29,Open
INV000770,CUST0196 ,SUB00196,2024-02-01,2024-03-02,699.44,34.97,734.41,Open
INV000771,CUST0196 ,SUB00196,2024-03-01,2024-03-31,699.44,34.97,734.41,Open
INV000772,CUST0196 ,SUB00196,2024-04-01,2024-03-18,699.44,34.97,734.41,paid
INV000773,CUST0196 ,SUB00196,2024-05-01,2024-04-19,699.44,34.97,734.41,Open
INV000774,CUST0196 ,SUB00196,2024-06-01,2024-07-01,699.44,34.97,734.41,paid
INV000775,CUST0196 ,SUB00196,2024-07-01,2024-07-31,699.44,34.97,734.41,VOID
INV000776,CUST0196 ,SUB00196,2024-08-01,2024-08-31,699.44,34.97,734.41,Open
INV000777,CUST0196 ,SUB00196,2024-09-01,2024-10-01,699.44,34.97,734.41,VOID
INV000778,CUST0196 ,SUB00196,2024-10-01,2024-10-31,699.44,34.97,734.41,Paid
INV000779,CUST0196 ,SUB00196,2024-11-01,2024-12-01,699.44,34.97,734.41,Paid
INV000780,CUST0196 ,SUB00196,2024-12-01,2024-12-31,-699.44,-34.97,-734.41,Open
INV000781,CUST0196 ,SUB00196,2025-01-01,2025-01-31,-699.44,-34.97,-734.41,Paid
INV000782,CUST0196 ,SUB00196,2025-02-01,2025-03-03,699.44,34.97,734.41,
INV000783,CUST0197,SUB00197,2025-01-26,2025-02-25,555.52,27.78,583.3,Paid
INV000784,CUST0198,SUB00198,2026-03-19,2026-04-18,1152.24,57.61,1209.85,Paid
INV000785,CUST0199,SUB00199,2025-12-13,2026-01-12,3781.85,189.09,3970.94,Open
INV000786,CUST0200,SUB00200,2024-09-01,2024-08-23,3881.54,194.08,4075.62,Paid
INV000787,CUST0200,SUB00200,2024-10-01,2024-10-31,3881.54,194.08,4075.62,Open
INV000788,CUST0200,SUB00200,2024-11-01,2024-12-01,3881.54,194.08,4075.62,Paid
INV000789,CUST0200,SUB00200,2024-12-01,2024-12-31,3881.54,194.08,4075.62,Open
INV000790,CUST0201,SUB00201,2023-12-01,,1315.06,65.75,1380.81,Paid
INV000791,CUST0201,SUB00201,2024-01-01,2024-01-31,1315.06,65.75,1380.81,paid
INV000792,CUST0201,SUB00201,2024-02-01,2024-03-02,1315.06,65.75,1380.81,Open
INV000793,CUST0201,SUB00201,2024-03-01,2024-03-31,1315.06,65.75,1380.81,Paid
INV000794,CUST0201,SUB00201,2024-04-01,2024-05-01,1315.06,65.75,1380.81,Overdue
INV000795,CUST0201,SUB00201,2024-05-01,2024-05-31,1315.06,65.75,1380.81,Overdue
INV000796,CUST0201,SUB00201,2024-06-01,2024-07-01,1315.06,65.75,1380.81,VOID
INV000797,CUST0201,SUB00201,2024-07-01,2024-07-31,1315.06,65.75,1380.81,paid
INV000798,CUST0201,SUB00201,2024-08-01,2024-08-31,1315.06,65.75,1380.81,Paid
INV000799,CUST0201,SUB00201,2024-09-01,2024-10-01,1315.06,65.75,1380.81,Open
INV000800,CUST0201,SUB00201,2024-10-01,2024-10-31,1315.06,65.75,1380.81,Open
INV000801,CUST0201,SUB00201,2024-11-01,2024-12-01,1315.06,65.75,1380.81,Paid
INV000802,CUST0201,SUB00201,2024-12-01,2024-12-31,1315.06,65.75,1400.24,VOID
INV000803,CUST0202,SUB00202,2025-08-05,2025-09-04,250.22,12.51,262.73,paid
INV000804,CUST0203,SUB00203,2025-06-18,2025-07-18,215.91,10.8,226.71,Paid
INV000805,CUST0204,SUB00204,2024-09-01,2024-10-01,193.14,9.66,209.27,Paid
INV000806,CUST0204,SUB00204,2024-10-01,2024-10-31,193.14,9.66,202.8,Open
INV000807,CUST0204,SUB00204,2024-11-01,2024-12-01,193.14,9.66,202.8,Open
INV000808,CUST0204,SUB00204,2024-12-01,2024-12-31,193.14,9.66,205.08,Overdue
INV000809,CUST0205,SUB00205,2025-02-23,2025-03-25,637.49,31.87,669.36,Overdue
INV000810,CUST0206,SUB00206,2025-04-01,2025-05-01,305.9,15.29,321.19,Paid
INV000811,CUST0206,SUB00206,2025-05-01,2025-05-31,305.9,15.29,321.19,paid
INV000812,CUST0206,SUB00206,2025-06-01,2025-07-01,305.9,15.29,321.19,Overdue
INV000813,CUST0206,SUB00206,2025-07-01,2025-07-31,-305.9,-15.29,-321.19,Paid
INV000814,CUST0206,SUB00206,2025-08-01,2025-08-31,305.9,15.29,325.58,Overdue
INV000815,CUST0206,SUB00206,2025-09-01,2025-10-01,305.9,15.29,321.19,void 
INV000816,CUST0206,SUB00206,2025-10-01,2025-10-31,305.9,15.29,321.19,Paid
INV000817,CUST0206,SUB00206,2025-11-01,2025-12-01,305.9,15.29,321.19,Paid
INV000818,CUST0206,SUB00206,2025-12-01,2025-12-31,305.9,15.29,321.19,Paid
INV000819,CUST0206,SUB00206,2026-01-01,2026-01-31,305.9,15.29,321.19,Overdue
INV000820,CUST0206,SUB00206,2026-02-01,2026-03-03,305.9,15.29,321.19,Open
INV000821,CUST0206,SUB00206,2026-03-01,2026-03-31,305.9,15.29,312.02,paid
INV000822,CUST0206,SUB00206,2026-04-01,2026-05-01,305.9,15.29,321.19,Overdue
INV000823,CUST0206,SUB00206,2026-05-01,2026-05-31,305.9,15.29,321.19,Paid
INV000824,CUST0206,SUB00206,2026-06-01,2026-07-01,305.9,15.29,321.19,Paid
INV000825,CUST0207,SUB00207,2025-12-18,2026-01-17,255.81,12.79,268.6,Open
INV000826,CUST0208 ,SUB00208,2023-10-01,2023-10-31,618.3,30.91,649.21,Paid
INV000827,CUST0208 ,SUB00208,2023-11-01,2023-10-22,618.3,30.91,649.21,
INV000828,CUST0208 ,SUB00208,2023-12-01,2023-12-31,618.3,30.91,649.21,Paid
INV000829,CUST0208 ,SUB00208,2024-01-01,2024-01-31,618.3,30.91,649.21,Paid
INV000830,CUST0208 ,SUB00208,2024-02-01,2024-03-02,618.3,30.91,649.21,Paid
INV000831,CUST0208 ,SUB00208,2024-03-01,2024-03-31,618.3,30.91,649.21,
INV000832,CUST0208 ,SUB00208,2024-04-01,2024-05-01,618.3,30.91,648.81,Paid
INV000833,CUST0208 ,SUB00208,2024-05-01,2024-05-31,618.3,30.91,649.21,Open
INV000834,CUST0208 ,SUB00208,2024-06-01,2024-07-01,618.3,30.91,649.21,Open
INV000835,CUST0208 ,SUB00208,2024-07-01,2024-07-31,618.3,30.91,649.21,paid
INV000836,CUST0208 ,SUB00208,2024-08-01,2024-08-31,618.3,30.91,649.21,
INV000837,CUST0208 ,SUB00208,2024-09-01,2024-10-01,618.3,30.91,649.21,Open
INV000838,CUST0208 ,SUB00208,2024-10-01,2024-10-31,618.3,30.91,649.21,Overdue
INV000839,CUST0208 ,SUB00208,2024-11-01,2024-10-18,618.3,30.91,649.21,Paid
INV000840,CUST0208 ,SUB00208,2024-12-01,2024-12-31,618.3,30.91,649.21,Overdue
INV000841,CUST0209,SUB00209,2025-06-17,2025-07-17,234.57,11.73,246.3,Paid
INV000842,CUST0210,SUB00210,2025-07-14,2025-08-13,253.55,12.68,266.23,Open
INV000843,CUST0211,SUB00211,2025-10-04,2025-11-03,597.67,29.88,627.55,Open
INV000844,CUST0212,SUB00212,2024-07-01,2024-07-31,1551.21,77.56,1628.77,void 
INV000845,CUST0212,SUB00212,2024-08-01,2024-08-31,1551.21,77.56,1628.77,Paid
INV000846,CUST0212,SUB00212,2024-09-01,2024-10-01,1551.21,77.56,1628.77,paid
INV000847,CUST0212,SUB00212,2024-10-01,2024-10-31,1551.21,77.56,1628.77,Open
INV000848,CUST0212,SUB00212,2024-11-01,2024-12-01,1551.21,77.56,1628.77,
INV000849,CUST0212,SUB00212,2024-12-01,2024-12-31,1551.21,77.56,1628.77,Paid
INV000850,CUST0213,SUB00213,2025-06-13,2025-07-13,231.27,11.56,242.83,Open
INV000851,CUST0214,SUB00214,2026-01-02,2026-02-01,608.64,30.43,639.07,Open
INV000852,CUST0215,SUB00215,2024-11-01,2024-12-01,563.18,28.16,596.35,VOID
INV000853,CUST0215,SUB00215,2024-12-01,2024-12-31,563.18,28.16,591.34,Open
INV000854,CUST0216,SUB00216,2025-09-05,2025-08-28,219.11,10.96,230.07,VOID
INV000855,CUST0217,SUB00217,2024-12-01,2024-12-31,240.89,12.04,252.93,Overdue
INV000856,CUST0218,SUB00218,2024-05-01,2024-05-31,226.46,11.32,237.78,Paid
INV000857,CUST0218,SUB00218,2024-06-01,2024-07-01,226.46,11.32,237.78,paid
INV000858,CUST0218,SUB00218,2024-07-01,2024-07-31,226.46,11.32,237.78,Paid
INV000859,CUST0218,SUB00218,2024-08-01,2024-08-31,226.46,11.32,259.64,Paid
INV000860,CUST0218,SUB00218,2024-09-01,2024-10-01,-226.46,-11.32,-237.78,Open
INV000861,CUST0218,SUB00218,2024-10-01,2024-10-31,226.46,11.32,237.78,Paid
INV000862,CUST0218,SUB00218,2024-11-01,2024-12-01,-226.46,-11.32,-237.78,Overdue
INV000863,CUST0218,SUB00218,2024-12-01,2024-12-31,226.46,11.32,237.78,Paid
INV000864,CUST0219 ,SUB00219,2024-11-01,2024-12-01,1409.15,70.46,1479.61,Open
INV000865,CUST0219 ,SUB00219,2024-12-01,2024-12-31,1409.15,70.46,1479.61,Open
INV000866,CUST0219 ,SUB00219,2025-01-01,2025-01-31,1409.15,70.46,1479.61,Paid
INV000867,CUST0219 ,SUB00219,2025-02-01,2025-03-03,1409.15,70.46,1479.61,Paid
INV000868,CUST0219 ,SUB00219,2025-03-01,2025-03-31,1409.15,70.46,1479.61,Open
INV000869,CUST0219 ,SUB00219,2025-04-01,2025-05-01,1409.15,70.46,1479.61,paid
INV000870,CUST0219 ,SUB00219,2025-05-01,2025-05-31,1409.15,70.46,1479.61,VOID
INV000871,CUST0219 ,SUB00219,2025-06-01,2025-07-01,1409.15,70.46,1479.61,Paid
INV000872,CUST0219 ,SUB00219,2025-07-01,2025-07-31,1409.15,70.46,1479.61,Open
INV000873,CUST0219 ,SUB00219,2025-08-01,2025-08-31,1409.15,70.46,1479.61,
INV000874,CUST0219 ,SUB00219,2025-09-01,2025-10-01,1409.15,70.46,1479.61,Paid
INV000875,CUST0219 ,SUB00219,2025-10-01,2025-10-31,1409.15,70.46,1479.61,Open
INV000876,CUST0219 ,SUB00219,2025-11-01,2025-12-01,1409.15,70.46,1479.61,VOID
INV000877,CUST0220,SUB00220,2026-03-31,2026-04-30,509.13,25.46,534.59,Overdue
INV000878,CUST0221,SUB00221,2024-09-01,2024-10-01,1275.33,63.77,1339.1,paid
INV000879,CUST0221,SUB00221,2024-10-01,2024-10-31,1275.33,63.77,1339.1,Paid
INV000880,CUST0221,SUB00221,2024-11-01,2024-12-01,1275.33,63.77,1339.1,Overdue
INV000881,CUST0221,SUB00221,2024-12-01,2024-12-31,1275.33,63.77,1339.1,paid
INV000882,CUST0222 ,SUB00222,2025-10-01,2025-10-31,3575.44,178.77,3754.21,Paid
INV000883,CUST0222 ,SUB00222,2025-11-01,2025-12-01,3575.44,178.77,3754.21,Overdue
INV000884,CUST0222 ,SUB00222,2025-12-01,2025-12-31,3575.44,178.77,3754.21,Paid
INV000885,CUST0222 ,SUB00222,2026-01-01,2026-01-31,3575.44,178.77,3754.21,Paid
INV000886,CUST0222 ,SUB00222,2026-02-01,2026-03-03,3575.44,178.77,3754.21,
INV000887,CUST0222 ,SUB00222,2026-03-01,2026-03-31,3575.44,178.77,3754.21,paid
INV000888,CUST0222 ,SUB00222,2026-04-01,2026-05-01,3575.44,178.77,3754.21,Paid
INV000889,CUST0222 ,SUB00222,2026-05-01,2026-05-31,3575.44,178.77,3754.21,Paid
INV000890,CUST0222 ,SUB00222,2026-06-01,2026-07-01,3575.44,178.77,3754.21,Paid
INV000891,CUST0222 ,SUB00222,2026-07-01,2026-07-31,3575.44,178.77,3754.21,Open
INV000892,CUST0222 ,SUB00222,2026-08-01,2026-08-31,3575.44,178.77,3754.21,Paid
INV000893,CUST0222 ,SUB00222,2026-09-01,2026-10-01,3575.44,178.77,3754.21,Open
INV000894,CUST0222 ,SUB00222,2026-10-01,2026-10-31,3575.44,178.77,3754.21,Open
INV000895,CUST0222 ,SUB00222,2026-11-01,2026-12-01,-3575.44,-178.77,-3754.21,Paid
INV000896,CUST0222 ,SUB00222,2026-12-01,2026-12-31,3575.44,178.77,3754.21,Paid
INV000897,CUST0222 ,SUB00222,2027-01-01,2027-01-31,3575.44,178.77,3754.21,Paid
INV000898,CUST0222 ,SUB00222,2027-02-01,2027-03-03,3575.44,178.77,3754.21,paid
INV000899,CUST0222 ,SUB00222,2027-03-01,2027-03-31,3575.44,178.77,3754.21,Paid
INV000900,CUST0223 ,SUB00223,2024-08-01,2024-08-31,-286.97,-14.35,-301.32,VOID
INV000901,CUST0223 ,SUB00223,2024-09-01,2024-10-01,-286.97,-14.35,-301.32,Paid
INV000902,CUST0223 ,SUB00223,2024-10-01,2024-10-31,-286.97,-14.35,-301.32,Paid
INV000903,CUST0223 ,SUB00223,2024-11-01,2024-12-01,-286.97,-14.35,-301.32,Paid
INV000904,CUST0223 ,SUB00223,2024-12-01,2024-12-31,-286.97,-14.35,-301.32,
INV000905,CUST0224,SUB00224,2024-07-27,2024-07-25,821.79,41.09,862.88,Open
INV000906,CUST0225,SUB00225,2024-07-01,2024-07-31,3451.14,172.56,3623.7,Paid
INV000907,CUST0225,SUB00225,2024-08-01,2024-08-31,3451.14,172.56,3623.7,Paid
INV000908,CUST0225,SUB00225,2024-09-01,2024-10-01,3451.14,172.56,3623.7,Paid
INV000909,CUST0225,SUB00225,2024-10-01,2024-10-31,3451.14,172.56,3623.7,Paid
INV000910,CUST0225,SUB00225,2024-11-01,2024-12-01,3451.14,172.56,3623.7,Open
INV000911,CUST0225,SUB00225,2024-12-01,2024-11-25,3451.14,172.56,3623.7,Open
INV000912,CUST0226,SUB00226,2026-01-19,2026-02-18,3820.93,191.05,4011.98,Paid
INV000913,CUST0227,SUB00227,2024-07-01,2024-07-31,631.12,31.56,646.98,
INV000914,CUST0227,SUB00227,2024-08-01,2024-08-31,631.12,31.56,662.68,Paid
INV000915,CUST0227,SUB00227,2024-09-01,,631.12,31.56,662.68,Open
INV000916,CUST0227,SUB00227,2024-10-01,2024-10-31,631.12,31.56,662.68,Overdue
INV000917,CUST0227,SUB00227,2024-11-01,2024-12-01,631.12,31.56,662.68,paid
INV000918,CUST0227,SUB00227,2024-12-01,2024-12-31,631.12,31.56,662.68,Paid
INV000919,CUST0228,SUB00228,2026-01-17,2026-02-16,669.7,33.49,703.19,Paid
INV000920,CUST0229,SUB00229,2025-12-14,,1569.61,78.48,1648.09,Paid
INV000921,CUST0230 ,SUB00230,2025-02-10,2025-03-12,276.6,13.83,290.43,paid
INV000922,CUST0231,SUB00231,2024-09-01,2024-10-01,3502.55,175.13,3677.68,Paid
INV000923,CUST0231,SUB00231,2024-10-01,2024-10-31,3502.55,175.13,3677.68,Paid
INV000924,CUST0231,SUB00231,2024-11-01,2024-12-01,3502.55,175.13,3677.68,Paid
INV000925,CUST0231,SUB00231,2024-12-01,2024-12-31,3502.55,175.13,3677.68,Paid
INV000926,CUST0232,SUB00232,2024-05-01,2024-05-31,681.71,34.09,715.8,Paid
INV000927,CUST0232,SUB00232,2024-06-01,2024-07-01,681.71,34.09,715.8,Paid
INV000928,CUST0232,SUB00232,2024-07-01,2024-07-31,681.71,34.09,715.8,Open
INV000929,CUST0232,SUB00232,2024-08-01,2024-08-31,681.71,34.09,710.88,paid
INV000930,CUST0232,SUB00232,2024-09-01,2024-10-01,681.71,34.09,715.8,Open
INV000931,CUST0232,SUB00232,2024-10-01,2024-10-31,681.71,34.09,715.8,Paid
INV000932,CUST0232,SUB00232,2024-11-01,2024-12-01,681.71,34.09,715.8,paid
INV000933,CUST0232,SUB00232,2024-12-01,2024-12-31,681.71,34.09,715.8,Open
INV000934,CUST0233,SUB00233,2025-08-25,2025-09-24,4271.68,213.58,4485.26,Open
INV000935,CUST0234,SUB00234,2026-01-20,2026-02-19,626.93,31.35,658.28,
INV000936,CUST0235,SUB00235,2025-11-02,2025-12-02,649.54,32.48,682.02,Paid
INV000937,CUST0236,SUB00236,2024-12-01,2024-12-31,1246.25,62.31,1308.56,Paid
INV000938,CUST0237,SUB00237,2025-07-29,2025-08-28,728.6,36.43,765.03,Paid
INV000939,CUST0238,SUB00238,2025-09-01,2025-10-01,2961.5,148.08,3109.58,Overdue
INV000940,CUST0238,SUB00238,2025-10-01,2025-10-31,2961.5,148.08,3109.58,Paid
INV000941,CUST0238,SUB00238,2025-11-01,2025-12-01,2961.5,148.08,3109.58,Overdue
INV000942,CUST0238,SUB00238,2025-12-01,2025-12-31,2961.5,148.08,3109.58,VOID
INV000943,CUST0238,SUB00238,2026-01-01,2026-01-31,2961.5,148.08,3109.58,Paid
INV000944,CUST0238,SUB00238,2026-02-01,2026-03-03,2961.5,148.08,3109.58,Paid
INV000945,CUST0238,SUB00238,2026-03-01,2026-03-31,2961.5,148.08,3109.58,Paid
INV000946,CUST0238,SUB00238,2026-04-01,2026-05-01,2961.5,148.08,3109.58,Overdue
INV000947,CUST0238,SUB00238,2026-05-01,2026-05-31,2961.5,148.08,3099.42,paid
INV000948,CUST0238,SUB00238,2026-06-01,,2961.5,148.08,3109.58,paid
INV000949,CUST0239,SUB00239,2026-03-08,2026-04-07,3626.27,181.31,3807.58,VOID
INV000950,CUST0240,SUB00240,2024-06-01,2024-07-01,660.2,33.01,693.21,
INV000951,CUST0240,SUB00240,2024-07-01,2024-07-31,660.2,33.01,693.21,Paid
INV000952,CUST0240,SUB00240,2024-08-01,2024-08-31,660.2,33.01,693.21,Overdue
INV000953,CUST0240,SUB00240,2024-09-01,2024-10-01,660.2,33.01,693.21,VOID
INV000954,CUST0240,SUB00240,2024-10-01,2024-10-31,660.2,33.01,693.21,Open
INV000955,CUST0240,SUB00240,2024-11-01,,660.2,33.01,693.21,VOID
INV000956,CUST0240,SUB00240,2024-12-01,2024-12-31,660.2,33.01,693.21,Open
INV000957,CUST0241,SUB00241,2024-05-01,2024-05-31,214.32,10.72,225.04,Paid
INV000958,CUST0241,SUB00241,2024-06-01,2024-07-01,214.32,10.72,225.04,Paid
INV000959,CUST0241,SUB00241,2024-07-01,2024-07-31,214.32,10.72,225.04,Open
INV000960,CUST0241,SUB00241,2024-08-01,2024-08-31,214.32,10.72,225.04,VOID
INV000961,CUST0241,SUB00241,2024-09-01,2024-10-01,214.32,10.72,225.04,Paid
INV000962,CUST0241,SUB00241,2024-10-01,2024-10-31,214.32,10.72,225.04,
INV000963,CUST0241,SUB00241,2024-11-01,2024-12-01,214.32,10.72,225.04,paid
INV000964,CUST0241,SUB00241,2024-12-01,2024-12-31,214.32,10.72,225.04,Paid
INV000965,CUST0242,SUB00242,2026-02-09,2026-03-11,647.98,32.4,680.38,Open
INV000966,CUST0243,SUB00243,2025-07-16,2025-08-15,237.68,11.88,249.56,Open
INV000967,CUST0244,SUB00244,2024-12-01,2024-12-31,1351.99,67.6,1415.49,Paid
INV000968,CUST0245,SUB00245,2025-02-02,2025-03-04,1148.23,57.41,1205.64,
INV000969,CUST0246,SUB00246,2025-01-09,2025-02-08,217.43,10.87,228.3,paid
INV000970,CUST0247,SUB00247,2025-12-01,2025-12-31,577.68,28.88,606.56,Open
INV000971,CUST0247,SUB00247,2026-01-01,2026-01-31,577.68,28.88,606.56,Open
INV000972,CUST0247,SUB00247,2026-02-01,2026-03-03,577.68,28.88,606.56,Paid
INV000973,CUST0247,SUB00247,2026-03-01,2026-03-31,577.68,28.88,606.56,Open
INV000974,CUST0247,SUB00247,2026-04-01,2026-05-01,577.68,28.88,606.56,paid
INV000975,CUST0247,SUB00247,2026-05-01,,577.68,28.88,606.56,Overdue
INV000976,CUST0247,SUB00247,2026-06-01,2026-07-01,577.68,28.88,606.56,Paid
INV000977,CUST0247,SUB00247,2026-07-01,2026-07-31,577.68,28.88,606.56,paid
INV000978,CUST0247,SUB00247,2026-08-01,2026-08-31,577.68,28.88,606.56,Open
INV000979,CUST0247,SUB00247,2026-09-01,2026-10-01,577.68,28.88,606.56,paid
INV000980,CUST0247,SUB00247,2026-10-01,2026-10-31,577.68,28.88,584.55,Paid
INV000981,CUST0247,SUB00247,2026-11-01,2026-12-01,577.68,28.88,606.56,Paid
INV000982,CUST0247,SUB00247,2026-12-01,2026-12-31,-577.68,-28.88,-606.56,paid
INV000983,CUST0247,SUB00247,2027-01-01,2027-01-31,577.68,28.88,606.56,Overdue
INV000984,CUST0247,SUB00247,2027-02-01,2027-03-03,577.68,28.88,606.56,void 
INV000985,CUST0247,SUB00247,2027-03-01,2027-03-31,577.68,28.88,626.0,Open
INV000986,CUST0248,SUB00248,2025-10-11,2025-11-10,1442.48,72.12,1514.6,Open
INV000987,CUST0249,SUB00249,2025-11-25,2025-12-25,613.28,30.66,643.94,Paid
INV000988,CUST0250,SUB00250,2025-05-11,2025-06-10,287.68,14.38,302.06,Paid
INV000989,CUST0251,SUB00251,2025-08-29,,724.81,36.24,761.05,Paid
INV000990,CUST0252,SUB00252,2024-05-01,2024-05-31,310.6,15.53,326.13,Open
INV000991,CUST0252,SUB00252,2024-06-01,2024-07-01,310.6,15.53,326.13,Open
INV000992,CUST0252,SUB00252,2024-07-01,,310.6,15.53,326.13,VOID
INV000993,CUST0252,SUB00252,2024-08-01,2024-08-31,310.6,15.53,326.13,Paid
INV000994,CUST0252,SUB00252,2024-09-01,2024-10-01,310.6,15.53,326.13,Paid
INV000995,CUST0252,SUB00252,2024-10-01,2024-10-31,310.6,15.53,326.13,Paid
INV000996,CUST0252,SUB00252,2024-11-01,2024-12-01,310.6,15.53,326.13,Open
INV000997,CUST0252,SUB00252,2024-12-01,2024-12-31,310.6,15.53,326.13,paid
INV000998,CUST0253,SUB00253,2025-12-08,2026-01-07,225.03,11.25,236.28,Paid
INV000999,CUST0254,SUB00254,2025-11-13,2025-12-13,838.42,41.92,880.34,Open
INV001000,CUST0255,SUB00255,2025-05-05,2025-06-04,648.9,32.45,681.35,Overdue
INV001001,CUST0256 ,SUB00256,2025-04-15,2025-05-15,1488.72,74.44,1560.03,Paid
INV001002,CUST0257,SUB00257,2025-12-24,2026-01-23,517.27,25.86,543.13,Paid
INV001003,CUST0258,SUB00258,2025-07-04,2025-08-03,1439.84,71.99,1511.83,paid
INV001004,CUST0259,SUB00259,2026-01-23,2026-02-22,1720.01,86.0,1806.01,paid
INV001005,CUST0260,SUB00260,2026-01-23,2026-02-22,274.47,13.72,288.19,Paid
INV001006,CUST0261,SUB00261,2025-06-27,2025-07-27,553.34,27.67,581.01,Overdue
INV001007,CUST0262,SUB00262,2025-03-26,2025-04-25,-231.72,-11.59,-243.31,paid
INV001008,CUST0263,SUB00263,2025-11-13,2025-12-13,-692.05,-34.6,-726.65,Paid
INV001009,CUST0264,SUB00264,2025-12-15,2026-01-14,636.05,31.8,667.85,Paid
INV001010,CUST0265,SUB00265,2024-09-01,,4858.61,242.93,5101.54,Open
INV001011,CUST0265,SUB00265,2024-10-01,2024-10-31,4858.61,242.93,5101.54,Overdue
INV001012,CUST0265,SUB00265,2024-11-01,2024-12-01,-4858.61,-242.93,-5101.54,Paid
INV001013,CUST0265,SUB00265,2024-12-01,2024-12-31,4858.61,242.93,5101.54,Open
INV001014,CUST0266,SUB00266,2024-12-01,2024-12-31,1426.39,71.32,1497.71,Open
INV001015,CUST0267,SUB00267,2024-05-01,2024-05-31,624.59,31.23,655.82,Paid
INV001016,CUST0267,SUB00267,2024-06-01,2024-07-01,624.59,31.23,655.82,VOID
INV001017,CUST0267,SUB00267,2024-07-01,2024-07-31,624.59,31.23,655.82,Paid
INV001018,CUST0267,SUB00267,2024-08-01,2024-08-31,624.59,31.23,655.82,Paid
INV001019,CUST0267,SUB00267,2024-09-01,2024-10-01,624.59,31.23,655.82,Paid
INV001020,CUST0267,SUB00267,2024-10-01,2024-10-31,624.59,31.23,655.82,Open
INV001021,CUST0267,SUB00267,2024-11-01,2024-12-01,624.59,31.23,655.82,
INV001022,CUST0267,SUB00267,2024-12-01,2024-12-31,624.59,31.23,655.82,Paid
INV001023,CUST0268,SUB00268,2025-05-01,2025-05-31,1264.27,63.21,1327.48,Paid
INV001024,CUST0268,SUB00268,2025-06-01,2025-05-27,1264.27,63.21,1327.48,Paid
INV001025,CUST0268,SUB00268,2025-07-01,2025-07-31,1264.27,63.21,1327.48,Paid
INV001026,CUST0268,SUB00268,2025-08-01,2025-08-31,1264.27,63.21,1327.48,Paid
INV001027,CUST0268,SUB00268,2025-09-01,2025-10-01,1264.27,63.21,1327.48,Open
INV001028,CUST0268,SUB00268,2025-10-01,2025-10-31,1264.27,63.21,1327.48,Overdue
INV001029,CUST0268,SUB00268,2025-11-01,2025-12-01,1264.27,63.21,1327.48,Open
INV001030,CUST0268,SUB00268,2025-12-01,,1264.27,63.21,1327.48,Open
INV001031,CUST0268,SUB00268,2026-01-01,2026-01-31,1264.27,63.21,1327.48,Paid
INV001032,CUST0268,SUB00268,2026-02-01,2026-03-03,1264.27,63.21,1312.1,void 
INV001033,CUST0268,SUB00268,2026-03-01,2026-03-31,1264.27,63.21,1327.48,Paid
INV001034,CUST0268,SUB00268,2026-04-01,2026-05-01,1264.27,63.21,1327.48,Paid
INV001035,CUST0268,SUB00268,2026-05-01,2026-05-31,1264.27,63.21,1327.48,Paid
INV001036,CUST0268,SUB00268,2026-06-01,2026-07-01,1264.27,63.21,1338.72,Paid
INV001037,CUST0268,SUB00268,2026-07-01,2026-07-31,1264.27,63.21,1327.48,Open
INV001038,CUST0269,SUB00269,2025-03-21,2025-04-20,296.5,14.83,311.33,Paid
INV001039,CUST0270,SUB00270,2024-06-01,2024-07-01,1513.14,75.66,1588.8,
INV001040,CUST0270,SUB00270,2024-07-01,2024-07-31,1513.14,75.66,1588.8,Open
INV001041,CUST0270,SUB00270,2024-08-01,2024-08-31,1513.14,75.66,1588.8,Overdue
INV001042,CUST0270,SUB00270,2024-09-01,2024-10-01,1513.14,75.66,1588.8,Open
INV001043,CUST0270,SUB00270,2024-10-01,2024-10-31,1513.14,75.66,1588.8,Open
INV001044,CUST0270,SUB00270,2024-11-01,2024-12-01,1513.14,75.66,1588.8,Open
INV001045,CUST0270,SUB00270,2024-12-01,2024-12-31,1513.14,75.66,1588.8,Paid
INV001046,CUST0271,SUB00271,2025-03-22,2025-04-21,1685.71,84.29,1770.0,VOID
INV001047,CUST0272,SUB00272,2023-12-01,2023-12-31,818.6,40.93,859.53,Paid
INV001048,CUST0272,SUB00272,2024-01-01,2024-01-31,818.6,40.93,859.53,Open
INV001049,CUST0272,SUB00272,2024-02-01,2024-03-02,818.6,40.93,859.53,Paid
INV001050,CUST0272,SUB00272,2024-03-01,2024-03-31,818.6,40.93,859.53,Paid
INV001051,CUST0272,SUB00272,2024-04-01,2024-05-01,818.6,40.93,859.53,paid
INV001052,CUST0272,SUB00272,2024-05-01,2024-05-31,818.6,40.93,859.53,Open
INV001053,CUST0272,SUB00272,2024-06-01,2024-07-01,818.6,40.93,859.53,Overdue
INV001054,CUST0272,SUB00272,2024-07-01,2024-07-31,818.6,40.93,859.53,Paid
INV001055,CUST0272,SUB00272,2024-08-01,2024-08-31,818.6,40.93,859.53,Paid
INV001056,CUST0272,SUB00272,2024-09-01,2024-10-01,818.6,40.93,859.53,Open
INV001057,CUST0273,SUB00273,2025-07-01,2025-07-31,242.86,12.14,255.0,Open
INV001058,CUST0273,SUB00273,2025-08-01,2025-08-31,242.86,12.14,255.0,
INV001059,CUST0273,SUB00273,2025-09-01,2025-10-01,242.86,12.14,255.0,
INV001060,CUST0273,SUB00273,2025-10-01,2025-10-31,242.86,12.14,255.0,Paid
INV001061,CUST0273,SUB00273,2025-11-01,2025-12-01,242.86,12.14,255.0,Paid
INV001062,CUST0273,SUB00273,2025-12-01,2025-12-31,242.86,12.14,255.0,Paid
INV001063,CUST0273,SUB00273,2026-01-01,2026-01-31,242.86,12.14,255.0,Open
INV001064,CUST0273,SUB00273,2026-02-01,2026-03-03,242.86,12.14,255.0,Paid
INV001065,CUST0273,SUB00273,2026-03-01,2026-03-31,242.86,12.14,255.0,Paid
INV001066,CUST0273,SUB00273,2026-04-01,2026-05-01,242.86,12.14,255.0,Paid
INV001067,CUST0273,SUB00273,2026-05-01,2026-05-31,242.86,12.14,255.0,paid
INV001068,CUST0273,SUB00273,2026-06-01,2026-07-01,242.86,12.14,255.0,Open
INV001069,CUST0273,SUB00273,2026-07-01,2026-07-31,242.86,12.14,255.0,Open
INV001070,CUST0273,SUB00273,2026-08-01,2026-08-31,242.86,12.14,255.0,Paid
INV001071,CUST0273,SUB00273,2026-09-01,2026-10-01,242.86,12.14,255.0,Paid
INV001072,CUST0273,SUB00273,2026-10-01,2026-10-31,242.86,12.14,235.55,Open
INV001073,CUST0273,SUB00273,2026-11-01,2026-12-01,242.86,12.14,255.0,Open
INV001074,CUST0274,SUB00274,2024-11-01,2024-12-01,-203.41,-10.17,-213.58,void 
INV001075,CUST0274,SUB00274,2024-12-01,2024-12-31,203.41,10.17,213.58,Paid
INV001076,CUST0275,SUB00275,2025-11-06,2025-12-06,3522.25,176.11,3698.36,Paid
INV001077,CUST0276,SUB00276,2025-05-08,2025-06-07,217.12,10.86,227.98,Paid
INV001078,CUST0277,SUB00277,2024-12-01,2024-12-31,1854.27,92.71,1946.98,Paid
INV001079,CUST0278,SUB00278,2025-04-04,2025-05-04,285.94,14.3,300.24,Paid
INV001080,CUST0279,SUB00279,2025-04-27,2025-05-27,1863.83,93.19,1957.02,void 
INV001081,CUST0280,SUB00280,2025-11-26,2025-12-26,192.83,9.64,202.47,Overdue
INV001082,CUST0281,SUB00281,2024-10-01,2024-10-31,226.69,11.33,238.02,Paid
INV001083,CUST0281,SUB00281,2024-11-01,2024-12-01,226.69,11.33,238.02,Paid
INV001084,CUST0281,SUB00281,2024-12-01,2024-12-31,226.69,11.33,238.02,Paid
INV001085,CUST0282,SUB00282,2025-06-12,2025-07-12,678.96,33.95,712.91,Paid
INV001086,CUST0283,SUB00283,2025-01-19,2025-02-18,202.87,10.14,230.83,Open
INV001087,CUST0284,SUB00284,2023-10-01,2023-10-31,691.67,34.58,726.25,VOID
INV001088,CUST0284,SUB00284,2023-11-01,2023-12-01,-691.67,-34.58,-726.25,Open
INV001089,CUST0284,SUB00284,2023-12-01,2023-12-31,691.67,34.58,726.25,void 
INV001090,CUST0284,SUB00284,2024-01-01,2024-01-31,691.67,34.58,726.25,paid
INV001091,CUST0284,SUB00284,2024-02-01,2024-03-02,691.67,34.58,726.25,VOID
INV001092,CUST0284,SUB00284,2024-03-01,2024-03-31,691.67,34.58,726.25,void 
INV001093,CUST0284,SUB00284,2024-04-01,2024-05-01,-691.67,-34.58,-726.25,
INV001094,CUST0284,SUB00284,2024-05-01,2024-05-31,691.67,34.58,726.25,Open
INV001095,CUST0284,SUB00284,2024-06-01,2024-07-01,691.67,34.58,726.25,Open
INV001096,CUST0284,SUB00284,2024-07-01,2024-07-31,691.67,34.58,726.25,Paid
INV001097,CUST0284,SUB00284,2024-08-01,2024-08-31,691.67,34.58,726.25,Overdue
INV001098,CUST0284,SUB00284,2024-09-01,2024-10-01,691.67,34.58,726.25,Paid
INV001099,CUST0284,SUB00284,2024-10-01,2024-10-31,691.67,34.58,726.25,paid
INV001100,CUST0284,SUB00284,2024-11-01,2024-12-01,691.67,34.58,726.25,Paid
INV001101,CUST0284,SUB00284,2024-12-01,2024-12-31,691.67,34.58,728.1,Paid
INV001102,CUST0285,SUB00285,2025-06-01,2025-07-01,-691.15,-34.56,-725.71,Open
INV001103,CUST0285,SUB00285,2025-07-01,2025-07-31,-691.15,-34.56,-725.71,Paid
INV001104,CUST0285,SUB00285,2025-08-01,2025-08-31,-691.15,-34.56,-725.71,Paid
INV001105,CUST0285,SUB00285,2025-09-01,2025-10-01,-691.15,-34.56,-725.71,VOID
INV001106,CUST0285,SUB00285,2025-10-01,2025-10-31,-691.15,-34.56,-725.71,VOID
INV001107,CUST0285,SUB00285,2025-11-01,2025-12-01,-691.15,-34.56,-725.71,
INV001108,CUST0285,SUB00285,2025-12-01,2025-12-31,-691.15,-34.56,-725.71,VOID
INV001109,CUST0285,SUB00285,2026-01-01,2026-01-31,-691.15,-34.56,-725.71,Open
INV001110,CUST0285,SUB00285,2026-02-01,2026-03-03,-691.15,-34.56,-725.71,void 
INV001111,CUST0285,SUB00285,2026-03-01,2026-03-31,-691.15,-34.56,-725.71,Open
INV001112,CUST0285,SUB00285,2026-04-01,2026-05-01,-691.15,-34.56,-725.71,void 
INV001113,CUST0285,SUB00285,2026-05-01,2026-05-31,-691.15,-34.56,-725.71,Paid
INV001114,CUST0285,SUB00285,2026-06-01,2026-07-01,-691.15,-34.56,-742.71,Paid
INV001115,CUST0287,SUB00287,2025-11-30,2025-12-30,624.13,31.21,655.34,Paid
INV001116,CUST0288,SUB00288,2026-03-16,2026-04-15,720.46,36.02,756.48,paid
INV001117,CUST0289,SUB00289,2026-02-01,2026-03-03,1218.06,60.9,1278.96,paid
INV001118,CUST0289,SUB00289,2026-03-01,2026-03-31,1218.06,60.9,1278.96,Overdue
INV001119,CUST0289,SUB00289,2026-04-01,2026-05-01,1218.06,60.9,1278.96,Open
INV001120,CUST0289,SUB00289,2026-05-01,2026-05-31,1218.06,60.9,1278.96,
INV001121,CUST0290,SUB00290,2023-12-01,2023-12-31,665.1,33.26,698.36,Overdue
INV001122,CUST0290,SUB00290,2024-01-01,2024-01-31,665.1,33.26,698.36,Paid
INV001123,CUST0290,SUB00290,2024-02-01,2024-03-02,665.1,33.26,698.36,Overdue
INV001124,CUST0290,SUB00290,2024-03-01,2024-03-31,665.1,33.26,698.36,Paid
INV001125,CUST0290,SUB00290,2024-04-01,2024-05-01,665.1,33.26,698.36,Open
INV001126,CUST0290,SUB00290,2024-05-01,2024-05-31,665.1,33.26,698.36,Paid
INV001127,CUST0290,SUB00290,2024-06-01,2024-07-01,665.1,33.26,698.36,Paid
INV001128,CUST0290,SUB00290,2024-07-01,2024-07-31,-665.1,-33.26,-698.36,void 
INV001129,CUST0290,SUB00290,2024-08-01,2024-08-31,665.1,33.26,698.36,Overdue
INV001130,CUST0290,SUB00290,2024-09-01,2024-10-01,665.1,33.26,698.36,Open
INV001131,CUST0290,SUB00290,2024-10-01,2024-10-31,665.1,33.26,698.36,
INV001132,CUST0290,SUB00290,2024-11-01,2024-12-01,665.1,33.26,698.36,Open
INV001133,CUST0290,SUB00290,2024-12-01,2024-12-31,665.1,33.26,698.36,Paid
INV001134,CUST0290,SUB00290,2025-01-01,2025-01-31,665.1,33.26,698.36,Paid
INV001135,CUST0290,SUB00290,2025-02-01,2025-03-03,-665.1,-33.26,-698.36,Overdue
INV001136,CUST0290,SUB00290,2025-03-01,2025-03-31,665.1,33.26,698.36,Open
INV001137,CUST0291,SUB00291,2025-10-07,2025-11-06,855.38,42.77,898.15,Paid
INV001138,CUST0293,SUB00293,2024-09-01,2024-10-01,1532.91,76.65,1609.56,Open
INV001139,CUST0293,SUB00293,2024-10-01,2024-10-31,1532.91,76.65,1609.56,void 
INV001140,CUST0293,SUB00293,2024-11-01,2024-12-01,1532.91,76.65,1609.56,Paid
INV001141,CUST0293,SUB00293,2024-12-01,2024-12-31,1532.91,76.65,1609.56,Paid
INV001142,CUST0294,SUB00294,2024-12-01,2024-12-31,728.71,36.44,765.15,Open
INV001143,CUST0295,SUB00295,2024-11-01,2024-12-01,4993.59,249.68,5243.27,Open
INV001144,CUST0295,SUB00295,2024-12-01,2024-12-31,4993.59,249.68,5243.27,paid
INV001145,CUST0296,SUB00296,2025-04-06,2025-05-06,1802.64,90.13,1892.77,Paid
INV001146,CUST0297,SUB00297,2025-10-05,2025-11-04,1332.06,66.6,1398.66,VOID
INV001147,CUST0298,SUB00298,2024-05-01,2024-05-31,249.55,12.48,262.03,Paid
INV001148,CUST0298,SUB00298,2024-06-01,2024-07-01,249.55,12.48,262.03,Paid
INV001149,CUST0298,SUB00298,2024-07-01,2024-07-31,-249.55,-12.48,-262.03,Overdue
INV001150,CUST0298,SUB00298,2024-08-01,2024-08-31,249.55,12.48,262.03,Paid
INV001151,CUST0298,SUB00298,2024-09-01,2024-10-01,249.55,12.48,262.03,Overdue
INV001152,CUST0298,SUB00298,2024-10-01,2024-10-31,249.55,12.48,262.03,Paid
INV001153,CUST0298,SUB00298,2024-11-01,2024-12-01,249.55,12.48,262.03,paid
INV001154,CUST0298,SUB00298,2024-12-01,2024-12-31,-249.55,-12.48,-262.03,Open
INV001155,CUST0299 ,SUB00299,2025-03-21,2025-04-20,1688.51,84.43,1772.94,paid
INV001156,CUST0300,SUB00300,2025-06-20,2025-06-13,540.77,27.04,567.81,Paid
INV001157,CUST0301,SUB00301,2026-03-21,2026-03-13,1851.22,92.56,1967.66,
INV001158,CUST0302,SUB00302,2025-06-20,2025-07-20,690.67,34.53,725.2,Open
INV001159,CUST0304,SUB00304,2024-05-01,2024-05-31,494.77,24.74,519.51,VOID
INV001160,CUST0304,SUB00304,2024-06-01,2024-07-01,494.77,24.74,519.51,Overdue
INV001161,CUST0304,SUB00304,2024-07-01,2024-07-31,494.77,24.74,519.51,Paid
INV001162,CUST0304,SUB00304,2024-08-01,2024-08-31,494.77,24.74,519.51,Open
INV001163,CUST0304,SUB00304,2024-09-01,2024-10-01,494.77,24.74,519.51,Paid
INV001164,CUST0304,SUB00304,2024-10-01,2024-10-31,494.77,24.74,519.51,Paid
INV001165,CUST0304,SUB00304,2024-11-01,2024-12-01,494.77,24.74,509.13,Open
INV001166,CUST0304,SUB00304,2024-12-01,2024-12-31,494.77,24.74,519.51,Overdue
INV001167,CUST0305,SUB00305,2025-04-23,2025-05-23,782.2,39.11,821.31,Open
INV001168,CUST0306,SUB00306,2024-09-01,2024-10-01,1431.41,71.57,1502.98,VOID
INV001169,CUST0306,SUB00306,2024-10-01,,1431.41,71.57,1502.98,Paid
INV001170,CUST0306,SUB00306,2024-11-01,2024-12-01,1431.41,71.57,1502.98,Paid
INV001171,CUST0306,SUB00306,2024-12-01,2024-12-31,-1431.41,-71.57,-1502.98,Open
INV001172,CUST0307,SUB00307,2025-01-06,2025-02-05,-3563.03,-178.15,-3741.18,Paid
INV001173,CUST0308,SUB00308,2024-12-01,2024-12-31,212.46,10.62,223.08,paid
INV001174,CUST0309,SUB00309,2025-06-11,2025-07-11,-3503.75,-175.19,-3678.94,Paid
INV001175,CUST0310 ,SUB00310,2025-02-02,2025-03-04,3588.39,179.42,3767.81,paid
INV001176,CUST0311,SUB00311,2025-08-04,2025-09-03,655.32,32.77,688.09,Paid
INV001177,CUST0312,SUB00312,2026-03-15,2026-04-14,1637.74,81.89,1719.63,VOID
INV001178,CUST0313 ,SUB00313,2025-12-27,2025-12-13,684.25,34.21,718.46,Overdue
INV001179,CUST0314,SUB00314,2026-03-19,2026-04-18,1854.31,92.72,1947.03,paid
INV001180,CUST0315,SUB00315,2024-10-01,2024-10-31,1422.41,71.12,1493.53,Overdue
INV001181,CUST0315,SUB00315,2024-11-01,2024-12-01,1422.41,71.12,1493.53,Overdue
INV001182,CUST0315,SUB00315,2024-12-01,2024-12-31,1422.41,71.12,1493.53,
INV001183,CUST0316,SUB00316,2025-07-11,2025-08-10,579.16,28.96,608.12,Open
INV001184,CUST0317,SUB00317,2025-10-09,2025-11-08,1080.78,54.04,1134.82,Paid
INV001185,CUST0318,SUB00318,2025-06-01,2025-07-01,3131.56,156.58,3288.14,Paid
INV001186,CUST0318,SUB00318,2025-07-01,2025-07-31,3131.56,156.58,3288.14,Paid
INV001187,CUST0318,SUB00318,2025-08-01,2025-08-31,3131.56,156.58,3263.89,Paid
INV001188,CUST0318,SUB00318,2025-09-01,2025-10-01,3131.56,156.58,3288.14,Open
INV001189,CUST0318,SUB00318,2025-10-01,2025-10-31,-3131.56,-156.58,-3288.14,Paid
INV001190,CUST0318,SUB00318,2025-11-01,2025-12-01,3131.56,156.58,3288.14,Paid
INV001191,CUST0318,SUB00318,2025-12-01,2025-12-31,3131.56,156.58,3288.14,Paid
INV001192,CUST0318,SUB00318,2026-01-01,2026-01-31,3131.56,156.58,3312.54,Open
INV001193,CUST0318,SUB00318,2026-02-01,2026-03-03,3131.56,156.58,3288.14,Paid
INV001194,CUST0318,SUB00318,2026-03-01,2026-03-31,3131.56,156.58,3288.14,Open
INV001195,CUST0318,SUB00318,2026-04-01,2026-05-01,3131.56,156.58,3288.14,Open
INV001196,CUST0319,SUB00319,2025-02-27,2025-03-29,548.61,27.43,576.04,paid
INV001197,CUST0320,SUB00320,2025-01-10,2025-02-09,1209.68,60.48,1270.16,Paid
INV000004,CUST0004,SUB00004,2025-03-13,2025-04-12,743.65,37.18,780.83,Paid
INV000026,CUST0007,SUB00007,2024-12-01,2024-12-31,501.0,25.05,538.39,
